-- =========================================================================
-- ECHOCAMPUS DUMMY DATA SEED SCRIPT
-- WARNING: This script forces inserts into auth.users. 
-- All users are created with '@demo.echocampus.edu' email domain.
-- =========================================================================

-- 1. INSERTING FAKED AUTH.USERS
INSERT INTO auth.users (id, instance_id, email, encrypted_password, email_confirmed_at, raw_app_meta_data, raw_user_meta_data, created_at, updated_at, role, aud) 
  VALUES ('d16f1ad7-0086-49e7-98e3-4b17a01dbb53', '00000000-0000-0000-0000-000000000000', 'faculty1@demo.echocampus.edu', '$2a$10$abcdefghijklmnopqrstuvwxyz123456', NOW(), '{"provider":"email","providers":["email"]}', '{"full_name":"Dr. Sarah Jenkins","role":"admin","department":"Business Administration","cabin_no":"C-100","phone_no":"9876543210","experience_years":11}', NOW(), NOW(), 'authenticated', 'authenticated');
INSERT INTO auth.users (id, instance_id, email, encrypted_password, email_confirmed_at, raw_app_meta_data, raw_user_meta_data, created_at, updated_at, role, aud) 
  VALUES ('5bf45a70-6d0f-4c3f-a5a4-5401176e75fc', '00000000-0000-0000-0000-000000000000', 'faculty2@demo.echocampus.edu', '$2a$10$abcdefghijklmnopqrstuvwxyz123456', NOW(), '{"provider":"email","providers":["email"]}', '{"full_name":"Prof. Michael Chen","role":"admin","department":"Electrical Engineering","cabin_no":"C-101","phone_no":"9876543210","experience_years":11}', NOW(), NOW(), 'authenticated', 'authenticated');
INSERT INTO auth.users (id, instance_id, email, encrypted_password, email_confirmed_at, raw_app_meta_data, raw_user_meta_data, created_at, updated_at, role, aud) 
  VALUES ('30af3eff-3079-4966-8eee-44c269d08c9a', '00000000-0000-0000-0000-000000000000', 'faculty3@demo.echocampus.edu', '$2a$10$abcdefghijklmnopqrstuvwxyz123456', NOW(), '{"provider":"email","providers":["email"]}', '{"full_name":"Dr. Emily Roberts","role":"admin","department":"Computer Science","cabin_no":"C-102","phone_no":"9876543210","experience_years":5}', NOW(), NOW(), 'authenticated', 'authenticated');
INSERT INTO auth.users (id, instance_id, email, encrypted_password, email_confirmed_at, raw_app_meta_data, raw_user_meta_data, created_at, updated_at, role, aud) 
  VALUES ('7f415341-7fd9-40fd-aeb7-bca0e3d5289d', '00000000-0000-0000-0000-000000000000', 'faculty4@demo.echocampus.edu', '$2a$10$abcdefghijklmnopqrstuvwxyz123456', NOW(), '{"provider":"email","providers":["email"]}', '{"full_name":"Prof. David Kumar","role":"admin","department":"Computer Science","cabin_no":"C-103","phone_no":"9876543210","experience_years":7}', NOW(), NOW(), 'authenticated', 'authenticated');
INSERT INTO auth.users (id, instance_id, email, encrypted_password, email_confirmed_at, raw_app_meta_data, raw_user_meta_data, created_at, updated_at, role, aud) 
  VALUES ('54bb81b4-dd2e-400f-a54d-684d85c1e8d4', '00000000-0000-0000-0000-000000000000', 'faculty5@demo.echocampus.edu', '$2a$10$abcdefghijklmnopqrstuvwxyz123456', NOW(), '{"provider":"email","providers":["email"]}', '{"full_name":"Dr. Lisa Wong","role":"admin","department":"Mechanical Engineering","cabin_no":"C-104","phone_no":"9876543210","experience_years":2}', NOW(), NOW(), 'authenticated', 'authenticated');
INSERT INTO auth.users (id, instance_id, email, encrypted_password, email_confirmed_at, raw_app_meta_data, raw_user_meta_data, created_at, updated_at, role, aud) 
  VALUES ('f3329c4f-80d6-4e0b-aa70-608cbdb5d79d', '00000000-0000-0000-0000-000000000000', 'faculty6@demo.echocampus.edu', '$2a$10$abcdefghijklmnopqrstuvwxyz123456', NOW(), '{"provider":"email","providers":["email"]}', '{"full_name":"Prof. Robert Smith","role":"admin","department":"Mechanical Engineering","cabin_no":"C-105","phone_no":"9876543210","experience_years":6}', NOW(), NOW(), 'authenticated', 'authenticated');
INSERT INTO auth.users (id, instance_id, email, encrypted_password, email_confirmed_at, raw_app_meta_data, raw_user_meta_data, created_at, updated_at, role, aud) 
  VALUES ('4520a234-b1aa-413d-8789-393e3848f839', '00000000-0000-0000-0000-000000000000', 'faculty7@demo.echocampus.edu', '$2a$10$abcdefghijklmnopqrstuvwxyz123456', NOW(), '{"provider":"email","providers":["email"]}', '{"full_name":"Dr. Amanda White","role":"admin","department":"Computer Science","cabin_no":"C-106","phone_no":"9876543210","experience_years":20}', NOW(), NOW(), 'authenticated', 'authenticated');
INSERT INTO auth.users (id, instance_id, email, encrypted_password, email_confirmed_at, raw_app_meta_data, raw_user_meta_data, created_at, updated_at, role, aud) 
  VALUES ('c83d5dc6-047b-4356-9d2d-4690efd5f17f', '00000000-0000-0000-0000-000000000000', 'faculty8@demo.echocampus.edu', '$2a$10$abcdefghijklmnopqrstuvwxyz123456', NOW(), '{"provider":"email","providers":["email"]}', '{"full_name":"Prof. James Wilson","role":"admin","department":"Mechanical Engineering","cabin_no":"C-107","phone_no":"9876543210","experience_years":7}', NOW(), NOW(), 'authenticated', 'authenticated');
INSERT INTO auth.users (id, instance_id, email, encrypted_password, email_confirmed_at, raw_app_meta_data, raw_user_meta_data, created_at, updated_at, role, aud) 
  VALUES ('1b9674e3-e425-4301-8568-6339dd715455', '00000000-0000-0000-0000-000000000000', 'faculty9@demo.echocampus.edu', '$2a$10$abcdefghijklmnopqrstuvwxyz123456', NOW(), '{"provider":"email","providers":["email"]}', '{"full_name":"Dr. Maria Garcia","role":"admin","department":"Mathematics","cabin_no":"C-108","phone_no":"9876543210","experience_years":9}', NOW(), NOW(), 'authenticated', 'authenticated');
INSERT INTO auth.users (id, instance_id, email, encrypted_password, email_confirmed_at, raw_app_meta_data, raw_user_meta_data, created_at, updated_at, role, aud) 
  VALUES ('0d07788f-db2e-4fcc-9d54-bce133ed1dae', '00000000-0000-0000-0000-000000000000', 'faculty10@demo.echocampus.edu', '$2a$10$abcdefghijklmnopqrstuvwxyz123456', NOW(), '{"provider":"email","providers":["email"]}', '{"full_name":"Prof. Thomas Brown","role":"admin","department":"Electrical Engineering","cabin_no":"C-109","phone_no":"9876543210","experience_years":12}', NOW(), NOW(), 'authenticated', 'authenticated');
INSERT INTO auth.users (id, instance_id, email, encrypted_password, email_confirmed_at, raw_app_meta_data, raw_user_meta_data, created_at, updated_at, role, aud) 
  VALUES ('71bcaed4-0ec0-4d38-92f0-b86fa8ca83cb', '00000000-0000-0000-0000-000000000000', 'faculty11@demo.echocampus.edu', '$2a$10$abcdefghijklmnopqrstuvwxyz123456', NOW(), '{"provider":"email","providers":["email"]}', '{"full_name":"Dr. Linda Davis","role":"admin","department":"Electrical Engineering","cabin_no":"C-110","phone_no":"9876543210","experience_years":4}', NOW(), NOW(), 'authenticated', 'authenticated');
INSERT INTO auth.users (id, instance_id, email, encrypted_password, email_confirmed_at, raw_app_meta_data, raw_user_meta_data, created_at, updated_at, role, aud) 
  VALUES ('091eccf0-5b6c-4931-98af-1bd864c02086', '00000000-0000-0000-0000-000000000000', 'faculty12@demo.echocampus.edu', '$2a$10$abcdefghijklmnopqrstuvwxyz123456', NOW(), '{"provider":"email","providers":["email"]}', '{"full_name":"Prof. Richard Miller","role":"admin","department":"Business Administration","cabin_no":"C-111","phone_no":"9876543210","experience_years":4}', NOW(), NOW(), 'authenticated', 'authenticated');
INSERT INTO auth.users (id, instance_id, email, encrypted_password, email_confirmed_at, raw_app_meta_data, raw_user_meta_data, created_at, updated_at, role, aud) 
  VALUES ('353e33eb-664e-4958-9c11-c06caf87649b', '00000000-0000-0000-0000-000000000000', 'faculty13@demo.echocampus.edu', '$2a$10$abcdefghijklmnopqrstuvwxyz123456', NOW(), '{"provider":"email","providers":["email"]}', '{"full_name":"Dr. Susan Taylor","role":"admin","department":"Computer Science","cabin_no":"C-112","phone_no":"9876543210","experience_years":3}', NOW(), NOW(), 'authenticated', 'authenticated');
INSERT INTO auth.users (id, instance_id, email, encrypted_password, email_confirmed_at, raw_app_meta_data, raw_user_meta_data, created_at, updated_at, role, aud) 
  VALUES ('be5d427f-80fd-41f1-a702-0d1a4e37c5d0', '00000000-0000-0000-0000-000000000000', 'faculty14@demo.echocampus.edu', '$2a$10$abcdefghijklmnopqrstuvwxyz123456', NOW(), '{"provider":"email","providers":["email"]}', '{"full_name":"Prof. Joseph Anderson","role":"admin","department":"Business Administration","cabin_no":"C-113","phone_no":"9876543210","experience_years":6}', NOW(), NOW(), 'authenticated', 'authenticated');
INSERT INTO auth.users (id, instance_id, email, encrypted_password, email_confirmed_at, raw_app_meta_data, raw_user_meta_data, created_at, updated_at, role, aud) 
  VALUES ('d30a4e38-9961-488a-8306-40ffd839f953', '00000000-0000-0000-0000-000000000000', 'faculty15@demo.echocampus.edu', '$2a$10$abcdefghijklmnopqrstuvwxyz123456', NOW(), '{"provider":"email","providers":["email"]}', '{"full_name":"Dr. Jessica Thomas","role":"admin","department":"Mechanical Engineering","cabin_no":"C-114","phone_no":"9876543210","experience_years":8}', NOW(), NOW(), 'authenticated', 'authenticated');
INSERT INTO auth.users (id, instance_id, email, encrypted_password, email_confirmed_at, raw_app_meta_data, raw_user_meta_data, created_at, updated_at, role, aud) 
  VALUES ('3e91a536-edca-4e3e-a74f-c05148e846f3', '00000000-0000-0000-0000-000000000000', 'faculty16@demo.echocampus.edu', '$2a$10$abcdefghijklmnopqrstuvwxyz123456', NOW(), '{"provider":"email","providers":["email"]}', '{"full_name":"Prof. Charles Jackson","role":"admin","department":"Electrical Engineering","cabin_no":"C-115","phone_no":"9876543210","experience_years":18}', NOW(), NOW(), 'authenticated', 'authenticated');
INSERT INTO auth.users (id, instance_id, email, encrypted_password, email_confirmed_at, raw_app_meta_data, raw_user_meta_data, created_at, updated_at, role, aud) 
  VALUES ('fc1017d1-fc03-4b7f-9784-e3c07e117aee', '00000000-0000-0000-0000-000000000000', 'faculty17@demo.echocampus.edu', '$2a$10$abcdefghijklmnopqrstuvwxyz123456', NOW(), '{"provider":"email","providers":["email"]}', '{"full_name":"Dr. Karen White","role":"admin","department":"Computer Science","cabin_no":"C-116","phone_no":"9876543210","experience_years":11}', NOW(), NOW(), 'authenticated', 'authenticated');
INSERT INTO auth.users (id, instance_id, email, encrypted_password, email_confirmed_at, raw_app_meta_data, raw_user_meta_data, created_at, updated_at, role, aud) 
  VALUES ('ef429cd2-ad6a-4449-9473-d196ad9dee5a', '00000000-0000-0000-0000-000000000000', 'faculty18@demo.echocampus.edu', '$2a$10$abcdefghijklmnopqrstuvwxyz123456', NOW(), '{"provider":"email","providers":["email"]}', '{"full_name":"Prof. Christopher Harris","role":"admin","department":"Physics","cabin_no":"C-117","phone_no":"9876543210","experience_years":18}', NOW(), NOW(), 'authenticated', 'authenticated');
INSERT INTO auth.users (id, instance_id, email, encrypted_password, email_confirmed_at, raw_app_meta_data, raw_user_meta_data, created_at, updated_at, role, aud) 
  VALUES ('64e8157d-1ac4-459c-950a-ecace2404858', '00000000-0000-0000-0000-000000000000', 'faculty19@demo.echocampus.edu', '$2a$10$abcdefghijklmnopqrstuvwxyz123456', NOW(), '{"provider":"email","providers":["email"]}', '{"full_name":"Dr. Nancy Martin","role":"admin","department":"Civil Engineering","cabin_no":"C-118","phone_no":"9876543210","experience_years":8}', NOW(), NOW(), 'authenticated', 'authenticated');
INSERT INTO auth.users (id, instance_id, email, encrypted_password, email_confirmed_at, raw_app_meta_data, raw_user_meta_data, created_at, updated_at, role, aud) 
  VALUES ('a7145df4-b0b8-4985-bfc7-d10fb376dd87', '00000000-0000-0000-0000-000000000000', 'faculty20@demo.echocampus.edu', '$2a$10$abcdefghijklmnopqrstuvwxyz123456', NOW(), '{"provider":"email","providers":["email"]}', '{"full_name":"Prof. Matthew Thompson","role":"admin","department":"Physics","cabin_no":"C-119","phone_no":"9876543210","experience_years":12}', NOW(), NOW(), 'authenticated', 'authenticated');
INSERT INTO auth.users (id, instance_id, email, encrypted_password, email_confirmed_at, raw_app_meta_data, raw_user_meta_data, created_at, updated_at, role, aud) 
  VALUES ('fcdc31b9-7a2c-48b6-9a58-d2877120e325', '00000000-0000-0000-0000-000000000000', 'student1@demo.echocampus.edu', '$2a$10$abcdefghijklmnopqrstuvwxyz123456', NOW(), '{"provider":"email","providers":["email"]}', '{"full_name":"Student 1","role":"student"}', NOW(), NOW(), 'authenticated', 'authenticated');
INSERT INTO auth.users (id, instance_id, email, encrypted_password, email_confirmed_at, raw_app_meta_data, raw_user_meta_data, created_at, updated_at, role, aud) 
  VALUES ('f332ace7-8bd8-4a14-8c91-debfb3395480', '00000000-0000-0000-0000-000000000000', 'student2@demo.echocampus.edu', '$2a$10$abcdefghijklmnopqrstuvwxyz123456', NOW(), '{"provider":"email","providers":["email"]}', '{"full_name":"Student 2","role":"student"}', NOW(), NOW(), 'authenticated', 'authenticated');
INSERT INTO auth.users (id, instance_id, email, encrypted_password, email_confirmed_at, raw_app_meta_data, raw_user_meta_data, created_at, updated_at, role, aud) 
  VALUES ('2e121d29-b2d0-40c7-b17b-8f55c7eb3e85', '00000000-0000-0000-0000-000000000000', 'student3@demo.echocampus.edu', '$2a$10$abcdefghijklmnopqrstuvwxyz123456', NOW(), '{"provider":"email","providers":["email"]}', '{"full_name":"Student 3","role":"student"}', NOW(), NOW(), 'authenticated', 'authenticated');
INSERT INTO auth.users (id, instance_id, email, encrypted_password, email_confirmed_at, raw_app_meta_data, raw_user_meta_data, created_at, updated_at, role, aud) 
  VALUES ('207b302f-675b-4691-9ec1-7add04758846', '00000000-0000-0000-0000-000000000000', 'student4@demo.echocampus.edu', '$2a$10$abcdefghijklmnopqrstuvwxyz123456', NOW(), '{"provider":"email","providers":["email"]}', '{"full_name":"Student 4","role":"student"}', NOW(), NOW(), 'authenticated', 'authenticated');
INSERT INTO auth.users (id, instance_id, email, encrypted_password, email_confirmed_at, raw_app_meta_data, raw_user_meta_data, created_at, updated_at, role, aud) 
  VALUES ('558f3348-de87-436c-88f2-e930351066e2', '00000000-0000-0000-0000-000000000000', 'student5@demo.echocampus.edu', '$2a$10$abcdefghijklmnopqrstuvwxyz123456', NOW(), '{"provider":"email","providers":["email"]}', '{"full_name":"Student 5","role":"student"}', NOW(), NOW(), 'authenticated', 'authenticated');
INSERT INTO auth.users (id, instance_id, email, encrypted_password, email_confirmed_at, raw_app_meta_data, raw_user_meta_data, created_at, updated_at, role, aud) 
  VALUES ('3a1ede63-7725-4f91-b7e2-6433307418c6', '00000000-0000-0000-0000-000000000000', 'student6@demo.echocampus.edu', '$2a$10$abcdefghijklmnopqrstuvwxyz123456', NOW(), '{"provider":"email","providers":["email"]}', '{"full_name":"Student 6","role":"student"}', NOW(), NOW(), 'authenticated', 'authenticated');
INSERT INTO auth.users (id, instance_id, email, encrypted_password, email_confirmed_at, raw_app_meta_data, raw_user_meta_data, created_at, updated_at, role, aud) 
  VALUES ('200c543f-3684-45bf-898b-257e9aeefe1a', '00000000-0000-0000-0000-000000000000', 'student7@demo.echocampus.edu', '$2a$10$abcdefghijklmnopqrstuvwxyz123456', NOW(), '{"provider":"email","providers":["email"]}', '{"full_name":"Student 7","role":"student"}', NOW(), NOW(), 'authenticated', 'authenticated');
INSERT INTO auth.users (id, instance_id, email, encrypted_password, email_confirmed_at, raw_app_meta_data, raw_user_meta_data, created_at, updated_at, role, aud) 
  VALUES ('881c33bb-e2aa-4c6a-b056-81c8b34d545d', '00000000-0000-0000-0000-000000000000', 'student8@demo.echocampus.edu', '$2a$10$abcdefghijklmnopqrstuvwxyz123456', NOW(), '{"provider":"email","providers":["email"]}', '{"full_name":"Student 8","role":"student"}', NOW(), NOW(), 'authenticated', 'authenticated');
INSERT INTO auth.users (id, instance_id, email, encrypted_password, email_confirmed_at, raw_app_meta_data, raw_user_meta_data, created_at, updated_at, role, aud) 
  VALUES ('68c027e8-e4b3-4950-acb0-d444fdf51ae5', '00000000-0000-0000-0000-000000000000', 'student9@demo.echocampus.edu', '$2a$10$abcdefghijklmnopqrstuvwxyz123456', NOW(), '{"provider":"email","providers":["email"]}', '{"full_name":"Student 9","role":"student"}', NOW(), NOW(), 'authenticated', 'authenticated');
INSERT INTO auth.users (id, instance_id, email, encrypted_password, email_confirmed_at, raw_app_meta_data, raw_user_meta_data, created_at, updated_at, role, aud) 
  VALUES ('e2246af9-2a36-400e-a486-e4ab8ea35a5c', '00000000-0000-0000-0000-000000000000', 'student10@demo.echocampus.edu', '$2a$10$abcdefghijklmnopqrstuvwxyz123456', NOW(), '{"provider":"email","providers":["email"]}', '{"full_name":"Student 10","role":"student"}', NOW(), NOW(), 'authenticated', 'authenticated');
INSERT INTO auth.users (id, instance_id, email, encrypted_password, email_confirmed_at, raw_app_meta_data, raw_user_meta_data, created_at, updated_at, role, aud) 
  VALUES ('5076ccbd-527e-4f76-a930-e05a830a689e', '00000000-0000-0000-0000-000000000000', 'student11@demo.echocampus.edu', '$2a$10$abcdefghijklmnopqrstuvwxyz123456', NOW(), '{"provider":"email","providers":["email"]}', '{"full_name":"Student 11","role":"student"}', NOW(), NOW(), 'authenticated', 'authenticated');
INSERT INTO auth.users (id, instance_id, email, encrypted_password, email_confirmed_at, raw_app_meta_data, raw_user_meta_data, created_at, updated_at, role, aud) 
  VALUES ('efcf5822-9006-4359-a0e7-18fb9fff33dc', '00000000-0000-0000-0000-000000000000', 'student12@demo.echocampus.edu', '$2a$10$abcdefghijklmnopqrstuvwxyz123456', NOW(), '{"provider":"email","providers":["email"]}', '{"full_name":"Student 12","role":"student"}', NOW(), NOW(), 'authenticated', 'authenticated');
INSERT INTO auth.users (id, instance_id, email, encrypted_password, email_confirmed_at, raw_app_meta_data, raw_user_meta_data, created_at, updated_at, role, aud) 
  VALUES ('6ad7fddb-0fc5-4acc-a5b2-8c3d83a1e8cb', '00000000-0000-0000-0000-000000000000', 'student13@demo.echocampus.edu', '$2a$10$abcdefghijklmnopqrstuvwxyz123456', NOW(), '{"provider":"email","providers":["email"]}', '{"full_name":"Student 13","role":"student"}', NOW(), NOW(), 'authenticated', 'authenticated');
INSERT INTO auth.users (id, instance_id, email, encrypted_password, email_confirmed_at, raw_app_meta_data, raw_user_meta_data, created_at, updated_at, role, aud) 
  VALUES ('c9d0bc24-3bc0-4cf4-9c82-43704340794a', '00000000-0000-0000-0000-000000000000', 'student14@demo.echocampus.edu', '$2a$10$abcdefghijklmnopqrstuvwxyz123456', NOW(), '{"provider":"email","providers":["email"]}', '{"full_name":"Student 14","role":"student"}', NOW(), NOW(), 'authenticated', 'authenticated');
INSERT INTO auth.users (id, instance_id, email, encrypted_password, email_confirmed_at, raw_app_meta_data, raw_user_meta_data, created_at, updated_at, role, aud) 
  VALUES ('366d9cf9-e0ee-4d1c-bb62-2964ec4e494e', '00000000-0000-0000-0000-000000000000', 'student15@demo.echocampus.edu', '$2a$10$abcdefghijklmnopqrstuvwxyz123456', NOW(), '{"provider":"email","providers":["email"]}', '{"full_name":"Student 15","role":"student"}', NOW(), NOW(), 'authenticated', 'authenticated');
INSERT INTO auth.users (id, instance_id, email, encrypted_password, email_confirmed_at, raw_app_meta_data, raw_user_meta_data, created_at, updated_at, role, aud) 
  VALUES ('bf119f18-9c71-4b84-92ed-aefb75134041', '00000000-0000-0000-0000-000000000000', 'student16@demo.echocampus.edu', '$2a$10$abcdefghijklmnopqrstuvwxyz123456', NOW(), '{"provider":"email","providers":["email"]}', '{"full_name":"Student 16","role":"student"}', NOW(), NOW(), 'authenticated', 'authenticated');
INSERT INTO auth.users (id, instance_id, email, encrypted_password, email_confirmed_at, raw_app_meta_data, raw_user_meta_data, created_at, updated_at, role, aud) 
  VALUES ('07669d42-d960-4330-a623-162f4423100d', '00000000-0000-0000-0000-000000000000', 'student17@demo.echocampus.edu', '$2a$10$abcdefghijklmnopqrstuvwxyz123456', NOW(), '{"provider":"email","providers":["email"]}', '{"full_name":"Student 17","role":"student"}', NOW(), NOW(), 'authenticated', 'authenticated');
INSERT INTO auth.users (id, instance_id, email, encrypted_password, email_confirmed_at, raw_app_meta_data, raw_user_meta_data, created_at, updated_at, role, aud) 
  VALUES ('94c0cf30-792f-4a7f-8a91-6824789f69ee', '00000000-0000-0000-0000-000000000000', 'student18@demo.echocampus.edu', '$2a$10$abcdefghijklmnopqrstuvwxyz123456', NOW(), '{"provider":"email","providers":["email"]}', '{"full_name":"Student 18","role":"student"}', NOW(), NOW(), 'authenticated', 'authenticated');
INSERT INTO auth.users (id, instance_id, email, encrypted_password, email_confirmed_at, raw_app_meta_data, raw_user_meta_data, created_at, updated_at, role, aud) 
  VALUES ('5b4f65d1-9e1a-422c-ba9a-5aa7aada60a3', '00000000-0000-0000-0000-000000000000', 'student19@demo.echocampus.edu', '$2a$10$abcdefghijklmnopqrstuvwxyz123456', NOW(), '{"provider":"email","providers":["email"]}', '{"full_name":"Student 19","role":"student"}', NOW(), NOW(), 'authenticated', 'authenticated');
INSERT INTO auth.users (id, instance_id, email, encrypted_password, email_confirmed_at, raw_app_meta_data, raw_user_meta_data, created_at, updated_at, role, aud) 
  VALUES ('5a28609f-adae-48be-acf9-f12595ff4795', '00000000-0000-0000-0000-000000000000', 'student20@demo.echocampus.edu', '$2a$10$abcdefghijklmnopqrstuvwxyz123456', NOW(), '{"provider":"email","providers":["email"]}', '{"full_name":"Student 20","role":"student"}', NOW(), NOW(), 'authenticated', 'authenticated');
INSERT INTO auth.users (id, instance_id, email, encrypted_password, email_confirmed_at, raw_app_meta_data, raw_user_meta_data, created_at, updated_at, role, aud) 
  VALUES ('1a5c5bb2-45a6-4aca-9078-b10cd49855b9', '00000000-0000-0000-0000-000000000000', 'student21@demo.echocampus.edu', '$2a$10$abcdefghijklmnopqrstuvwxyz123456', NOW(), '{"provider":"email","providers":["email"]}', '{"full_name":"Student 21","role":"student"}', NOW(), NOW(), 'authenticated', 'authenticated');
INSERT INTO auth.users (id, instance_id, email, encrypted_password, email_confirmed_at, raw_app_meta_data, raw_user_meta_data, created_at, updated_at, role, aud) 
  VALUES ('74fc91dc-24ad-4626-9b61-da994e9931b9', '00000000-0000-0000-0000-000000000000', 'student22@demo.echocampus.edu', '$2a$10$abcdefghijklmnopqrstuvwxyz123456', NOW(), '{"provider":"email","providers":["email"]}', '{"full_name":"Student 22","role":"student"}', NOW(), NOW(), 'authenticated', 'authenticated');
INSERT INTO auth.users (id, instance_id, email, encrypted_password, email_confirmed_at, raw_app_meta_data, raw_user_meta_data, created_at, updated_at, role, aud) 
  VALUES ('41e69d07-59d9-4cbe-8022-10b356c8ba15', '00000000-0000-0000-0000-000000000000', 'student23@demo.echocampus.edu', '$2a$10$abcdefghijklmnopqrstuvwxyz123456', NOW(), '{"provider":"email","providers":["email"]}', '{"full_name":"Student 23","role":"student"}', NOW(), NOW(), 'authenticated', 'authenticated');
INSERT INTO auth.users (id, instance_id, email, encrypted_password, email_confirmed_at, raw_app_meta_data, raw_user_meta_data, created_at, updated_at, role, aud) 
  VALUES ('073d7e4d-cf3e-4e3d-a308-0eddc6d5c808', '00000000-0000-0000-0000-000000000000', 'student24@demo.echocampus.edu', '$2a$10$abcdefghijklmnopqrstuvwxyz123456', NOW(), '{"provider":"email","providers":["email"]}', '{"full_name":"Student 24","role":"student"}', NOW(), NOW(), 'authenticated', 'authenticated');
INSERT INTO auth.users (id, instance_id, email, encrypted_password, email_confirmed_at, raw_app_meta_data, raw_user_meta_data, created_at, updated_at, role, aud) 
  VALUES ('22bd65b1-0a95-4885-af0a-733971d422e0', '00000000-0000-0000-0000-000000000000', 'student25@demo.echocampus.edu', '$2a$10$abcdefghijklmnopqrstuvwxyz123456', NOW(), '{"provider":"email","providers":["email"]}', '{"full_name":"Student 25","role":"student"}', NOW(), NOW(), 'authenticated', 'authenticated');
INSERT INTO auth.users (id, instance_id, email, encrypted_password, email_confirmed_at, raw_app_meta_data, raw_user_meta_data, created_at, updated_at, role, aud) 
  VALUES ('7638a6b1-291e-4454-8b03-52296f0df1b4', '00000000-0000-0000-0000-000000000000', 'student26@demo.echocampus.edu', '$2a$10$abcdefghijklmnopqrstuvwxyz123456', NOW(), '{"provider":"email","providers":["email"]}', '{"full_name":"Student 26","role":"student"}', NOW(), NOW(), 'authenticated', 'authenticated');
INSERT INTO auth.users (id, instance_id, email, encrypted_password, email_confirmed_at, raw_app_meta_data, raw_user_meta_data, created_at, updated_at, role, aud) 
  VALUES ('bef90aa3-c101-4bf3-b905-db8bbd52b27f', '00000000-0000-0000-0000-000000000000', 'student27@demo.echocampus.edu', '$2a$10$abcdefghijklmnopqrstuvwxyz123456', NOW(), '{"provider":"email","providers":["email"]}', '{"full_name":"Student 27","role":"student"}', NOW(), NOW(), 'authenticated', 'authenticated');
INSERT INTO auth.users (id, instance_id, email, encrypted_password, email_confirmed_at, raw_app_meta_data, raw_user_meta_data, created_at, updated_at, role, aud) 
  VALUES ('7da98678-a14e-43f8-93e7-53e25c120e63', '00000000-0000-0000-0000-000000000000', 'student28@demo.echocampus.edu', '$2a$10$abcdefghijklmnopqrstuvwxyz123456', NOW(), '{"provider":"email","providers":["email"]}', '{"full_name":"Student 28","role":"student"}', NOW(), NOW(), 'authenticated', 'authenticated');
INSERT INTO auth.users (id, instance_id, email, encrypted_password, email_confirmed_at, raw_app_meta_data, raw_user_meta_data, created_at, updated_at, role, aud) 
  VALUES ('fab185e6-224b-4636-9b44-09efa5518ced', '00000000-0000-0000-0000-000000000000', 'student29@demo.echocampus.edu', '$2a$10$abcdefghijklmnopqrstuvwxyz123456', NOW(), '{"provider":"email","providers":["email"]}', '{"full_name":"Student 29","role":"student"}', NOW(), NOW(), 'authenticated', 'authenticated');
INSERT INTO auth.users (id, instance_id, email, encrypted_password, email_confirmed_at, raw_app_meta_data, raw_user_meta_data, created_at, updated_at, role, aud) 
  VALUES ('4e3130de-e533-4c00-97a0-0c917e297bf4', '00000000-0000-0000-0000-000000000000', 'student30@demo.echocampus.edu', '$2a$10$abcdefghijklmnopqrstuvwxyz123456', NOW(), '{"provider":"email","providers":["email"]}', '{"full_name":"Student 30","role":"student"}', NOW(), NOW(), 'authenticated', 'authenticated');
INSERT INTO auth.users (id, instance_id, email, encrypted_password, email_confirmed_at, raw_app_meta_data, raw_user_meta_data, created_at, updated_at, role, aud) 
  VALUES ('6a9b2c09-c557-4752-99a5-03b38f99547e', '00000000-0000-0000-0000-000000000000', 'student31@demo.echocampus.edu', '$2a$10$abcdefghijklmnopqrstuvwxyz123456', NOW(), '{"provider":"email","providers":["email"]}', '{"full_name":"Student 31","role":"student"}', NOW(), NOW(), 'authenticated', 'authenticated');
INSERT INTO auth.users (id, instance_id, email, encrypted_password, email_confirmed_at, raw_app_meta_data, raw_user_meta_data, created_at, updated_at, role, aud) 
  VALUES ('a8b6f0b9-850b-4dd7-9403-64403b83846a', '00000000-0000-0000-0000-000000000000', 'student32@demo.echocampus.edu', '$2a$10$abcdefghijklmnopqrstuvwxyz123456', NOW(), '{"provider":"email","providers":["email"]}', '{"full_name":"Student 32","role":"student"}', NOW(), NOW(), 'authenticated', 'authenticated');
INSERT INTO auth.users (id, instance_id, email, encrypted_password, email_confirmed_at, raw_app_meta_data, raw_user_meta_data, created_at, updated_at, role, aud) 
  VALUES ('d845e0c4-e483-4b4d-b6e6-846df3f2e4ff', '00000000-0000-0000-0000-000000000000', 'student33@demo.echocampus.edu', '$2a$10$abcdefghijklmnopqrstuvwxyz123456', NOW(), '{"provider":"email","providers":["email"]}', '{"full_name":"Student 33","role":"student"}', NOW(), NOW(), 'authenticated', 'authenticated');
INSERT INTO auth.users (id, instance_id, email, encrypted_password, email_confirmed_at, raw_app_meta_data, raw_user_meta_data, created_at, updated_at, role, aud) 
  VALUES ('d3c5ed2e-8f73-4fce-a99e-779fa135bfef', '00000000-0000-0000-0000-000000000000', 'student34@demo.echocampus.edu', '$2a$10$abcdefghijklmnopqrstuvwxyz123456', NOW(), '{"provider":"email","providers":["email"]}', '{"full_name":"Student 34","role":"student"}', NOW(), NOW(), 'authenticated', 'authenticated');
INSERT INTO auth.users (id, instance_id, email, encrypted_password, email_confirmed_at, raw_app_meta_data, raw_user_meta_data, created_at, updated_at, role, aud) 
  VALUES ('00230fda-2fd9-4050-9535-41579f725743', '00000000-0000-0000-0000-000000000000', 'student35@demo.echocampus.edu', '$2a$10$abcdefghijklmnopqrstuvwxyz123456', NOW(), '{"provider":"email","providers":["email"]}', '{"full_name":"Student 35","role":"student"}', NOW(), NOW(), 'authenticated', 'authenticated');
INSERT INTO auth.users (id, instance_id, email, encrypted_password, email_confirmed_at, raw_app_meta_data, raw_user_meta_data, created_at, updated_at, role, aud) 
  VALUES ('a32462df-6ce6-4003-b5d8-fd947d228319', '00000000-0000-0000-0000-000000000000', 'student36@demo.echocampus.edu', '$2a$10$abcdefghijklmnopqrstuvwxyz123456', NOW(), '{"provider":"email","providers":["email"]}', '{"full_name":"Student 36","role":"student"}', NOW(), NOW(), 'authenticated', 'authenticated');
INSERT INTO auth.users (id, instance_id, email, encrypted_password, email_confirmed_at, raw_app_meta_data, raw_user_meta_data, created_at, updated_at, role, aud) 
  VALUES ('2798f693-977d-4de1-9f92-a82ce1932e59', '00000000-0000-0000-0000-000000000000', 'student37@demo.echocampus.edu', '$2a$10$abcdefghijklmnopqrstuvwxyz123456', NOW(), '{"provider":"email","providers":["email"]}', '{"full_name":"Student 37","role":"student"}', NOW(), NOW(), 'authenticated', 'authenticated');
INSERT INTO auth.users (id, instance_id, email, encrypted_password, email_confirmed_at, raw_app_meta_data, raw_user_meta_data, created_at, updated_at, role, aud) 
  VALUES ('b8039a89-3a7f-483d-80d7-7df0687f2953', '00000000-0000-0000-0000-000000000000', 'student38@demo.echocampus.edu', '$2a$10$abcdefghijklmnopqrstuvwxyz123456', NOW(), '{"provider":"email","providers":["email"]}', '{"full_name":"Student 38","role":"student"}', NOW(), NOW(), 'authenticated', 'authenticated');
INSERT INTO auth.users (id, instance_id, email, encrypted_password, email_confirmed_at, raw_app_meta_data, raw_user_meta_data, created_at, updated_at, role, aud) 
  VALUES ('73784d1f-9e7a-4283-a62c-c148ea9fc238', '00000000-0000-0000-0000-000000000000', 'student39@demo.echocampus.edu', '$2a$10$abcdefghijklmnopqrstuvwxyz123456', NOW(), '{"provider":"email","providers":["email"]}', '{"full_name":"Student 39","role":"student"}', NOW(), NOW(), 'authenticated', 'authenticated');
INSERT INTO auth.users (id, instance_id, email, encrypted_password, email_confirmed_at, raw_app_meta_data, raw_user_meta_data, created_at, updated_at, role, aud) 
  VALUES ('6dbd2d54-101a-4b5e-a729-6761ba3c5694', '00000000-0000-0000-0000-000000000000', 'student40@demo.echocampus.edu', '$2a$10$abcdefghijklmnopqrstuvwxyz123456', NOW(), '{"provider":"email","providers":["email"]}', '{"full_name":"Student 40","role":"student"}', NOW(), NOW(), 'authenticated', 'authenticated');
INSERT INTO auth.users (id, instance_id, email, encrypted_password, email_confirmed_at, raw_app_meta_data, raw_user_meta_data, created_at, updated_at, role, aud) 
  VALUES ('62476707-27f3-4918-b5c6-568246b66789', '00000000-0000-0000-0000-000000000000', 'student41@demo.echocampus.edu', '$2a$10$abcdefghijklmnopqrstuvwxyz123456', NOW(), '{"provider":"email","providers":["email"]}', '{"full_name":"Student 41","role":"student"}', NOW(), NOW(), 'authenticated', 'authenticated');
INSERT INTO auth.users (id, instance_id, email, encrypted_password, email_confirmed_at, raw_app_meta_data, raw_user_meta_data, created_at, updated_at, role, aud) 
  VALUES ('60ec383b-aca0-4fd9-a25f-63a732d60085', '00000000-0000-0000-0000-000000000000', 'student42@demo.echocampus.edu', '$2a$10$abcdefghijklmnopqrstuvwxyz123456', NOW(), '{"provider":"email","providers":["email"]}', '{"full_name":"Student 42","role":"student"}', NOW(), NOW(), 'authenticated', 'authenticated');
INSERT INTO auth.users (id, instance_id, email, encrypted_password, email_confirmed_at, raw_app_meta_data, raw_user_meta_data, created_at, updated_at, role, aud) 
  VALUES ('5fcd5d7e-5a48-43e0-8c5b-aeefddaf7201', '00000000-0000-0000-0000-000000000000', 'student43@demo.echocampus.edu', '$2a$10$abcdefghijklmnopqrstuvwxyz123456', NOW(), '{"provider":"email","providers":["email"]}', '{"full_name":"Student 43","role":"student"}', NOW(), NOW(), 'authenticated', 'authenticated');
INSERT INTO auth.users (id, instance_id, email, encrypted_password, email_confirmed_at, raw_app_meta_data, raw_user_meta_data, created_at, updated_at, role, aud) 
  VALUES ('696d8f5a-0b40-48d8-b59e-53b4d5d20498', '00000000-0000-0000-0000-000000000000', 'student44@demo.echocampus.edu', '$2a$10$abcdefghijklmnopqrstuvwxyz123456', NOW(), '{"provider":"email","providers":["email"]}', '{"full_name":"Student 44","role":"student"}', NOW(), NOW(), 'authenticated', 'authenticated');
INSERT INTO auth.users (id, instance_id, email, encrypted_password, email_confirmed_at, raw_app_meta_data, raw_user_meta_data, created_at, updated_at, role, aud) 
  VALUES ('27efb91c-5431-4725-9138-66478aaab7c8', '00000000-0000-0000-0000-000000000000', 'student45@demo.echocampus.edu', '$2a$10$abcdefghijklmnopqrstuvwxyz123456', NOW(), '{"provider":"email","providers":["email"]}', '{"full_name":"Student 45","role":"student"}', NOW(), NOW(), 'authenticated', 'authenticated');
INSERT INTO auth.users (id, instance_id, email, encrypted_password, email_confirmed_at, raw_app_meta_data, raw_user_meta_data, created_at, updated_at, role, aud) 
  VALUES ('1f95ef47-da1f-40d7-b58e-6bde75512259', '00000000-0000-0000-0000-000000000000', 'student46@demo.echocampus.edu', '$2a$10$abcdefghijklmnopqrstuvwxyz123456', NOW(), '{"provider":"email","providers":["email"]}', '{"full_name":"Student 46","role":"student"}', NOW(), NOW(), 'authenticated', 'authenticated');
INSERT INTO auth.users (id, instance_id, email, encrypted_password, email_confirmed_at, raw_app_meta_data, raw_user_meta_data, created_at, updated_at, role, aud) 
  VALUES ('d8501482-656a-4d3d-a1c3-2a7233208e7a', '00000000-0000-0000-0000-000000000000', 'student47@demo.echocampus.edu', '$2a$10$abcdefghijklmnopqrstuvwxyz123456', NOW(), '{"provider":"email","providers":["email"]}', '{"full_name":"Student 47","role":"student"}', NOW(), NOW(), 'authenticated', 'authenticated');
INSERT INTO auth.users (id, instance_id, email, encrypted_password, email_confirmed_at, raw_app_meta_data, raw_user_meta_data, created_at, updated_at, role, aud) 
  VALUES ('f822c519-d928-460b-8143-ab374566653c', '00000000-0000-0000-0000-000000000000', 'student48@demo.echocampus.edu', '$2a$10$abcdefghijklmnopqrstuvwxyz123456', NOW(), '{"provider":"email","providers":["email"]}', '{"full_name":"Student 48","role":"student"}', NOW(), NOW(), 'authenticated', 'authenticated');
INSERT INTO auth.users (id, instance_id, email, encrypted_password, email_confirmed_at, raw_app_meta_data, raw_user_meta_data, created_at, updated_at, role, aud) 
  VALUES ('d814e60f-869c-437b-b071-6c5514938cff', '00000000-0000-0000-0000-000000000000', 'student49@demo.echocampus.edu', '$2a$10$abcdefghijklmnopqrstuvwxyz123456', NOW(), '{"provider":"email","providers":["email"]}', '{"full_name":"Student 49","role":"student"}', NOW(), NOW(), 'authenticated', 'authenticated');
INSERT INTO auth.users (id, instance_id, email, encrypted_password, email_confirmed_at, raw_app_meta_data, raw_user_meta_data, created_at, updated_at, role, aud) 
  VALUES ('b177ad5e-ec07-4ec5-a2aa-79a4c21f61e9', '00000000-0000-0000-0000-000000000000', 'student50@demo.echocampus.edu', '$2a$10$abcdefghijklmnopqrstuvwxyz123456', NOW(), '{"provider":"email","providers":["email"]}', '{"full_name":"Student 50","role":"student"}', NOW(), NOW(), 'authenticated', 'authenticated');

-- 2. (Skipped) PUBLIC.USERS is auto-populated by the Supabase Auth Trigger.

-- 3. INSERTING STUDENT PROFILES
-- Faculty profiles are auto-populated by the auth trigger using metadata.
INSERT INTO public.student_profiles (user_id, session_code) VALUES ('fcdc31b9-7a2c-48b6-9a58-d2877120e325', 'S1000');
INSERT INTO public.student_profiles (user_id, session_code) VALUES ('f332ace7-8bd8-4a14-8c91-debfb3395480', 'S1001');
INSERT INTO public.student_profiles (user_id, session_code) VALUES ('2e121d29-b2d0-40c7-b17b-8f55c7eb3e85', 'S1002');
INSERT INTO public.student_profiles (user_id, session_code) VALUES ('207b302f-675b-4691-9ec1-7add04758846', 'S1003');
INSERT INTO public.student_profiles (user_id, session_code) VALUES ('558f3348-de87-436c-88f2-e930351066e2', 'S1004');
INSERT INTO public.student_profiles (user_id, session_code) VALUES ('3a1ede63-7725-4f91-b7e2-6433307418c6', 'S1005');
INSERT INTO public.student_profiles (user_id, session_code) VALUES ('200c543f-3684-45bf-898b-257e9aeefe1a', 'S1006');
INSERT INTO public.student_profiles (user_id, session_code) VALUES ('881c33bb-e2aa-4c6a-b056-81c8b34d545d', 'S1007');
INSERT INTO public.student_profiles (user_id, session_code) VALUES ('68c027e8-e4b3-4950-acb0-d444fdf51ae5', 'S1008');
INSERT INTO public.student_profiles (user_id, session_code) VALUES ('e2246af9-2a36-400e-a486-e4ab8ea35a5c', 'S1009');
INSERT INTO public.student_profiles (user_id, session_code) VALUES ('5076ccbd-527e-4f76-a930-e05a830a689e', 'S1010');
INSERT INTO public.student_profiles (user_id, session_code) VALUES ('efcf5822-9006-4359-a0e7-18fb9fff33dc', 'S1011');
INSERT INTO public.student_profiles (user_id, session_code) VALUES ('6ad7fddb-0fc5-4acc-a5b2-8c3d83a1e8cb', 'S1012');
INSERT INTO public.student_profiles (user_id, session_code) VALUES ('c9d0bc24-3bc0-4cf4-9c82-43704340794a', 'S1013');
INSERT INTO public.student_profiles (user_id, session_code) VALUES ('366d9cf9-e0ee-4d1c-bb62-2964ec4e494e', 'S1014');
INSERT INTO public.student_profiles (user_id, session_code) VALUES ('bf119f18-9c71-4b84-92ed-aefb75134041', 'S1015');
INSERT INTO public.student_profiles (user_id, session_code) VALUES ('07669d42-d960-4330-a623-162f4423100d', 'S1016');
INSERT INTO public.student_profiles (user_id, session_code) VALUES ('94c0cf30-792f-4a7f-8a91-6824789f69ee', 'S1017');
INSERT INTO public.student_profiles (user_id, session_code) VALUES ('5b4f65d1-9e1a-422c-ba9a-5aa7aada60a3', 'S1018');
INSERT INTO public.student_profiles (user_id, session_code) VALUES ('5a28609f-adae-48be-acf9-f12595ff4795', 'S1019');
INSERT INTO public.student_profiles (user_id, session_code) VALUES ('1a5c5bb2-45a6-4aca-9078-b10cd49855b9', 'S1020');
INSERT INTO public.student_profiles (user_id, session_code) VALUES ('74fc91dc-24ad-4626-9b61-da994e9931b9', 'S1021');
INSERT INTO public.student_profiles (user_id, session_code) VALUES ('41e69d07-59d9-4cbe-8022-10b356c8ba15', 'S1022');
INSERT INTO public.student_profiles (user_id, session_code) VALUES ('073d7e4d-cf3e-4e3d-a308-0eddc6d5c808', 'S1023');
INSERT INTO public.student_profiles (user_id, session_code) VALUES ('22bd65b1-0a95-4885-af0a-733971d422e0', 'S1024');
INSERT INTO public.student_profiles (user_id, session_code) VALUES ('7638a6b1-291e-4454-8b03-52296f0df1b4', 'S1025');
INSERT INTO public.student_profiles (user_id, session_code) VALUES ('bef90aa3-c101-4bf3-b905-db8bbd52b27f', 'S1026');
INSERT INTO public.student_profiles (user_id, session_code) VALUES ('7da98678-a14e-43f8-93e7-53e25c120e63', 'S1027');
INSERT INTO public.student_profiles (user_id, session_code) VALUES ('fab185e6-224b-4636-9b44-09efa5518ced', 'S1028');
INSERT INTO public.student_profiles (user_id, session_code) VALUES ('4e3130de-e533-4c00-97a0-0c917e297bf4', 'S1029');
INSERT INTO public.student_profiles (user_id, session_code) VALUES ('6a9b2c09-c557-4752-99a5-03b38f99547e', 'S1030');
INSERT INTO public.student_profiles (user_id, session_code) VALUES ('a8b6f0b9-850b-4dd7-9403-64403b83846a', 'S1031');
INSERT INTO public.student_profiles (user_id, session_code) VALUES ('d845e0c4-e483-4b4d-b6e6-846df3f2e4ff', 'S1032');
INSERT INTO public.student_profiles (user_id, session_code) VALUES ('d3c5ed2e-8f73-4fce-a99e-779fa135bfef', 'S1033');
INSERT INTO public.student_profiles (user_id, session_code) VALUES ('00230fda-2fd9-4050-9535-41579f725743', 'S1034');
INSERT INTO public.student_profiles (user_id, session_code) VALUES ('a32462df-6ce6-4003-b5d8-fd947d228319', 'S1035');
INSERT INTO public.student_profiles (user_id, session_code) VALUES ('2798f693-977d-4de1-9f92-a82ce1932e59', 'S1036');
INSERT INTO public.student_profiles (user_id, session_code) VALUES ('b8039a89-3a7f-483d-80d7-7df0687f2953', 'S1037');
INSERT INTO public.student_profiles (user_id, session_code) VALUES ('73784d1f-9e7a-4283-a62c-c148ea9fc238', 'S1038');
INSERT INTO public.student_profiles (user_id, session_code) VALUES ('6dbd2d54-101a-4b5e-a729-6761ba3c5694', 'S1039');
INSERT INTO public.student_profiles (user_id, session_code) VALUES ('62476707-27f3-4918-b5c6-568246b66789', 'S1040');
INSERT INTO public.student_profiles (user_id, session_code) VALUES ('60ec383b-aca0-4fd9-a25f-63a732d60085', 'S1041');
INSERT INTO public.student_profiles (user_id, session_code) VALUES ('5fcd5d7e-5a48-43e0-8c5b-aeefddaf7201', 'S1042');
INSERT INTO public.student_profiles (user_id, session_code) VALUES ('696d8f5a-0b40-48d8-b59e-53b4d5d20498', 'S1043');
INSERT INTO public.student_profiles (user_id, session_code) VALUES ('27efb91c-5431-4725-9138-66478aaab7c8', 'S1044');
INSERT INTO public.student_profiles (user_id, session_code) VALUES ('1f95ef47-da1f-40d7-b58e-6bde75512259', 'S1045');
INSERT INTO public.student_profiles (user_id, session_code) VALUES ('d8501482-656a-4d3d-a1c3-2a7233208e7a', 'S1046');
INSERT INTO public.student_profiles (user_id, session_code) VALUES ('f822c519-d928-460b-8143-ab374566653c', 'S1047');
INSERT INTO public.student_profiles (user_id, session_code) VALUES ('d814e60f-869c-437b-b071-6c5514938cff', 'S1048');
INSERT INTO public.student_profiles (user_id, session_code) VALUES ('b177ad5e-ec07-4ec5-a2aa-79a4c21f61e9', 'S1049');

-- 4. INSERTING ANNOUNCEMENTS
INSERT INTO public.announcements (title, content, author_id, created_at) VALUES ('Midterm Exam Schedule Released', 'The schedule for the upcoming midterm examinations has been posted on the departmental notice board and the student portal. Please check for your respective batches.', 'fc1017d1-fc03-4b7f-9784-e3c07e117aee', '2026-06-24T11:49:32.901Z');
INSERT INTO public.announcements (title, content, author_id, created_at) VALUES ('Library Renovation Notice', 'The Central Library will be undergoing renovations on the 2nd floor starting next Monday. Noise levels might be slightly higher. Sorry for the inconvenience.', '0d07788f-db2e-4fcc-9d54-bce133ed1dae', '2026-06-12T05:21:51.829Z');
INSERT INTO public.announcements (title, content, author_id, created_at) VALUES ('Guest Lecture on AI', 'Join us this Friday at the Main Auditorium for a guest lecture on Generative AI by industry experts from Google. Attendance is highly encouraged for CSE students.', 'fc1017d1-fc03-4b7f-9784-e3c07e117aee', '2026-06-16T13:40:27.611Z');
INSERT INTO public.announcements (title, content, author_id, created_at) VALUES ('Hackathon Registration Open', 'Registrations for NexHack 2.0 are now officially open! Form your teams of up to 4 members and register before the deadline. Exciting prizes to be won!', 'c83d5dc6-047b-4356-9d2d-4690efd5f17f', '2026-06-29T03:27:08.867Z');
INSERT INTO public.announcements (title, content, author_id, created_at) VALUES ('Cafeteria Menu Update', 'Based on student feedback, we have added new healthy options to the cafeteria menu including salads and fresh juices. Check them out today!', '7f415341-7fd9-40fd-aeb7-bca0e3d5289d', '2026-06-30T06:49:15.142Z');
INSERT INTO public.announcements (title, content, author_id, created_at) VALUES ('Lab Maintenance Schedule', 'Computer Lab 3 will be closed for hardware upgrades this weekend. Please ensure all your work is saved on the cloud.', '30af3eff-3079-4966-8eee-44c269d08c9a', '2026-06-15T05:56:58.150Z');
INSERT INTO public.announcements (title, content, author_id, created_at) VALUES ('Campus Placements Drive', 'The annual campus placement drive will begin next month. All final year students are requested to update their resumes on the TnP portal.', '7f415341-7fd9-40fd-aeb7-bca0e3d5289d', '2026-07-07T08:58:48.103Z');
INSERT INTO public.announcements (title, content, author_id, created_at) VALUES ('Sports Week Announcement', 'Get ready for the Annual Sports Week! Inter-departmental matches for Basketball, Football, and Cricket will begin from the 15th.', '0d07788f-db2e-4fcc-9d54-bce133ed1dae', '2026-07-08T22:56:37.847Z');
INSERT INTO public.announcements (title, content, author_id, created_at) VALUES ('New Parking Regulations', 'Please note the updated parking zones for students and faculty. Violators will be fined starting next week.', 'c83d5dc6-047b-4356-9d2d-4690efd5f17f', '2026-07-07T15:44:45.638Z');
INSERT INTO public.announcements (title, content, author_id, created_at) VALUES ('Holiday Notice', 'The campus will remain closed this Thursday on account of the national holiday. Normal classes will resume on Friday.', 'c83d5dc6-047b-4356-9d2d-4690efd5f17f', '2026-06-28T07:34:59.499Z');
INSERT INTO public.announcements (title, content, author_id, created_at) VALUES ('Research Grant Applications', 'Faculty members are invited to submit their proposals for the internal research grant for the upcoming academic year.', '353e33eb-664e-4958-9c11-c06caf87649b', '2026-07-04T04:27:17.770Z');
INSERT INTO public.announcements (title, content, author_id, created_at) VALUES ('Workshop on Cloud Computing', 'A hands-on workshop on AWS Cloud Computing will be held next Saturday. Limited seats available, register soon.', 'ef429cd2-ad6a-4449-9473-d196ad9dee5a', '2026-07-07T21:26:54.561Z');
INSERT INTO public.announcements (title, content, author_id, created_at) VALUES ('Blood Donation Camp', 'NSS is organizing a blood donation camp next Tuesday in the common room. Donate blood, save lives.', 'be5d427f-80fd-41f1-a702-0d1a4e37c5d0', '2026-07-03T17:55:12.340Z');
INSERT INTO public.announcements (title, content, author_id, created_at) VALUES ('Hostel Curfew Reminder', 'A gentle reminder to all hostellers that the curfew timings remain 10:00 PM strictly. Late entries will require warden''s permission.', '30af3eff-3079-4966-8eee-44c269d08c9a', '2026-06-19T03:04:56.918Z');
INSERT INTO public.announcements (title, content, author_id, created_at) VALUES ('Alumni Meet 2026', 'We are excited to announce the Alumni Meet next month. Students interested in volunteering can contact the faculty coordinator.', 'fc1017d1-fc03-4b7f-9784-e3c07e117aee', '2026-07-09T22:38:42.486Z');
INSERT INTO public.announcements (title, content, author_id, created_at) VALUES ('Semester Fee Deadline', 'The last date to pay the semester fee without a late fine is the 25th of this month. Please clear your dues on time.', '4520a234-b1aa-413d-8789-393e3848f839', '2026-06-18T01:05:18.518Z');
INSERT INTO public.announcements (title, content, author_id, created_at) VALUES ('Coding Club Meeting', 'The weekly meeting of the Coding Club will be held at 4 PM tomorrow in Room 204. We will be discussing Dynamic Programming.', '7f415341-7fd9-40fd-aeb7-bca0e3d5289d', '2026-07-01T23:50:21.566Z');

-- 5. INSERTING COMPLAINTS (Spaced out to respect rate limit triggers)
INSERT INTO public.complaint_box (id, user_id, content, is_anonymous, urgency, category, created_at) VALUES ('57c2bd8b-aeb3-424d-90e9-b2829a93b615', 'fcdc31b9-7a2c-48b6-9a58-d2877120e325', 'The Wi-Fi in the library is extremely slow and keeps disconnecting during peak hours.', true, 'HIGH', 'IT & Network', '2026-06-26T17:04:45.103Z');
INSERT INTO public.complaint_box (id, user_id, content, is_anonymous, urgency, category, created_at) VALUES ('de30e87b-abc6-4eda-a7d5-e6d4272889a4', 'f332ace7-8bd8-4a14-8c91-debfb3395480', 'Water cooler on the 3rd floor of H-block has been empty since morning.', false, 'MEDIUM', 'Infrastructure', '2026-06-23T10:25:09.918Z');
INSERT INTO public.complaint_box (id, user_id, content, is_anonymous, urgency, category, created_at) VALUES ('c5370f25-2103-4543-8ab4-bf897db765b0', '2e121d29-b2d0-40c7-b17b-8f55c7eb3e85', 'The projector in Room 402 is showing distorted colors. Needs to be fixed before the presentation.', true, 'MEDIUM', 'Infrastructure', '2026-07-07T14:38:14.530Z');
INSERT INTO public.complaint_box (id, user_id, content, is_anonymous, urgency, category, created_at) VALUES ('ca8edd73-9b78-4cd6-8845-c765ce0fa656', '207b302f-675b-4691-9ec1-7add04758846', 'Food quality in the main cafeteria has degraded over the last week. Portions are smaller too.', false, 'HIGH', 'Cafeteria', '2026-06-18T05:05:08.968Z');
INSERT INTO public.complaint_box (id, user_id, content, is_anonymous, urgency, category, created_at) VALUES ('a1d378be-a047-4245-b30e-46e5b2f301f5', '558f3348-de87-436c-88f2-e930351066e2', 'Air conditioning in the computer lab is not working. It''s too hot to focus on coding.', false, 'HIGH', 'Infrastructure', '2026-06-17T21:20:35.853Z');
INSERT INTO public.complaint_box (id, user_id, content, is_anonymous, urgency, category, created_at) VALUES ('1576bc41-613c-45d2-8299-a039fec29789', '3a1ede63-7725-4f91-b7e2-6433307418c6', 'Street lights near the girls'' hostel are not functioning properly. It feels unsafe at night.', true, 'HIGH', 'Hostel', '2026-06-17T23:37:38.737Z');
INSERT INTO public.complaint_box (id, user_id, content, is_anonymous, urgency, category, created_at) VALUES ('e121e297-a01c-4031-8a82-0c82c55e5045', '200c543f-3684-45bf-898b-257e9aeefe1a', 'Library timings should be extended during exam weeks till midnight.', false, 'LOW', 'Library', '2026-06-16T19:44:26.043Z');
INSERT INTO public.complaint_box (id, user_id, content, is_anonymous, urgency, category, created_at) VALUES ('9cf8e48e-d82e-4088-8b4f-762ea5fcddce', '881c33bb-e2aa-4c6a-b056-81c8b34d545d', 'The new attendance policy is too strict for students involved in hackathons and college fests.', true, 'MEDIUM', 'Academics', '2026-06-20T09:57:42.025Z');
INSERT INTO public.complaint_box (id, user_id, content, is_anonymous, urgency, category, created_at) VALUES ('054274cf-c148-4329-a46b-b788800cc86c', '68c027e8-e4b3-4950-acb0-d444fdf51ae5', 'No proper seating arrangement near the sports ground for spectators.', true, 'LOW', 'Infrastructure', '2026-06-30T20:47:47.515Z');
INSERT INTO public.complaint_box (id, user_id, content, is_anonymous, urgency, category, created_at) VALUES ('c61b2d0d-69d2-4574-a837-322af57e3fe0', 'e2246af9-2a36-400e-a486-e4ab8ea35a5c', 'The assignment deadlines for Data Structures and DBMS are clashing on the same day.', false, 'HIGH', 'Academics', '2026-07-01T20:33:21.756Z');
INSERT INTO public.complaint_box (id, user_id, content, is_anonymous, urgency, category, created_at) VALUES ('a7cd735c-43b8-41e1-972f-1f9bb9db4093', '5076ccbd-527e-4f76-a930-e05a830a689e', 'Washrooms in the Mechanical block are not being cleaned regularly. Very unhygienic.', true, 'HIGH', 'Infrastructure', '2026-07-09T14:05:53.515Z');
INSERT INTO public.complaint_box (id, user_id, content, is_anonymous, urgency, category, created_at) VALUES ('0fb1f1cd-de22-4128-a357-0d4b9afcc2ca', 'efcf5822-9006-4359-a0e7-18fb9fff33dc', 'We need more healthy food options in the canteen instead of just fast food.', true, 'LOW', 'Cafeteria', '2026-06-25T02:44:01.167Z');
INSERT INTO public.complaint_box (id, user_id, content, is_anonymous, urgency, category, created_at) VALUES ('cc11886c-fd64-4a14-af42-16dafd5da1a0', '6ad7fddb-0fc5-4acc-a5b2-8c3d83a1e8cb', 'The lab systems are running very outdated software which makes it hard to complete modern assignments.', false, 'MEDIUM', 'IT & Network', '2026-06-13T03:53:15.498Z');
INSERT INTO public.complaint_box (id, user_id, content, is_anonymous, urgency, category, created_at) VALUES ('64f27b9d-4786-4531-afca-aa4aac21f1fe', 'c9d0bc24-3bc0-4cf4-9c82-43704340794a', 'Hostel washing machines are mostly out of order. Please repair them.', true, 'MEDIUM', 'Hostel', '2026-06-13T11:55:24.782Z');
INSERT INTO public.complaint_box (id, user_id, content, is_anonymous, urgency, category, created_at) VALUES ('604e623b-1068-4f04-b5b4-33c1f1aa668d', '366d9cf9-e0ee-4d1c-bb62-2964ec4e494e', 'Not enough books available for the ''Advanced Machine Learning'' elective.', false, 'LOW', 'Library', '2026-07-02T22:44:31.260Z');
INSERT INTO public.complaint_box (id, user_id, content, is_anonymous, urgency, category, created_at) VALUES ('1c940817-a9e4-4859-894a-694a8ed0e694', 'bf119f18-9c71-4b84-92ed-aefb75134041', 'Dogs roaming freely inside the campus near the mess area.', false, 'MEDIUM', 'Infrastructure', '2026-06-19T15:57:08.187Z');
INSERT INTO public.complaint_box (id, user_id, content, is_anonymous, urgency, category, created_at) VALUES ('8f9e5900-6097-4f87-9d33-6498256bfa60', '07669d42-d960-4330-a623-162f4423100d', 'The biometric attendance system is often unresponsive in the morning rush.', false, 'LOW', 'IT & Network', '2026-06-28T07:29:59.928Z');
INSERT INTO public.complaint_box (id, user_id, content, is_anonymous, urgency, category, created_at) VALUES ('bd104c6c-1a60-4d0a-8760-f6c9f643689f', '94c0cf30-792f-4a7f-8a91-6824789f69ee', 'Need more practical workshops rather than just theoretical lectures in AI.', false, 'MEDIUM', 'Academics', '2026-06-19T20:43:28.129Z');
INSERT INTO public.complaint_box (id, user_id, content, is_anonymous, urgency, category, created_at) VALUES ('d42ac557-49c5-4a91-a04e-a4ac8855bbbe', '5b4f65d1-9e1a-422c-ba9a-5aa7aada60a3', 'Drinking water near the gym area tastes metallic. Please check the RO filters.', false, 'HIGH', 'Infrastructure', '2026-07-01T00:19:45.946Z');
INSERT INTO public.complaint_box (id, user_id, content, is_anonymous, urgency, category, created_at) VALUES ('a1f4a4cc-fcb1-4c37-aecd-f880c7284acd', '5a28609f-adae-48be-acf9-f12595ff4795', 'Cafeteria prices have been increased abruptly without any prior notice to students.', false, 'HIGH', 'Cafeteria', '2026-06-22T23:58:54.921Z');
INSERT INTO public.complaint_box (id, user_id, content, is_anonymous, urgency, category, created_at) VALUES ('6bd76a7d-1151-4dc6-b602-b6e652c15275', '1a5c5bb2-45a6-4aca-9078-b10cd49855b9', 'The bus for route no 4 is always late by at least 20 minutes.', false, 'MEDIUM', 'Infrastructure', '2026-06-23T00:07:12.044Z');
INSERT INTO public.complaint_box (id, user_id, content, is_anonymous, urgency, category, created_at) VALUES ('c03a5e05-caa0-466e-9d94-af487140d41d', '74fc91dc-24ad-4626-9b61-da994e9931b9', 'Wi-Fi blocks many educational websites erroneously, specifically some GitHub pages.', true, 'MEDIUM', 'IT & Network', '2026-06-22T19:43:12.774Z');
INSERT INTO public.complaint_box (id, user_id, content, is_anonymous, urgency, category, created_at) VALUES ('cdf22d7a-b123-417f-a38d-5ef068d4b2ca', '41e69d07-59d9-4cbe-8022-10b356c8ba15', 'Need better ventilation in the basement classrooms.', true, 'LOW', 'Infrastructure', '2026-06-30T16:18:34.152Z');
INSERT INTO public.complaint_box (id, user_id, content, is_anonymous, urgency, category, created_at) VALUES ('6d6f0cd1-6396-4342-bb6c-74625721d0a0', '073d7e4d-cf3e-4e3d-a308-0eddc6d5c808', 'Please organize a career fair this semester as placements are approaching.', false, 'LOW', 'Academics', '2026-06-18T21:38:03.690Z');
INSERT INTO public.complaint_box (id, user_id, content, is_anonymous, urgency, category, created_at) VALUES ('42a5c7ac-71a1-41a4-88b1-f7ae3fb1dd37', '22bd65b1-0a95-4885-af0a-733971d422e0', 'The gym equipment is rusted and unsafe to use.', true, 'HIGH', 'Infrastructure', '2026-06-30T11:50:46.523Z');
INSERT INTO public.complaint_box (id, user_id, content, is_anonymous, urgency, category, created_at) VALUES ('dd98dbef-89e7-45e5-9054-2206fc2f93a7', '7638a6b1-291e-4454-8b03-52296f0df1b4', 'Mosquitoes are a huge problem in the evening near the open air theater. Needs fogging.', true, 'HIGH', 'Infrastructure', '2026-06-25T19:01:56.796Z');
INSERT INTO public.complaint_box (id, user_id, content, is_anonymous, urgency, category, created_at) VALUES ('dbe137e9-9daa-49e8-8d5e-38874d1c5ebe', 'bef90aa3-c101-4bf3-b905-db8bbd52b27f', 'Library printers are always out of ink or paper when needed urgently.', true, 'MEDIUM', 'Library', '2026-07-07T22:47:17.277Z');
INSERT INTO public.complaint_box (id, user_id, content, is_anonymous, urgency, category, created_at) VALUES ('32dbec28-7503-4eaf-869f-abc704c3a0fd', '7da98678-a14e-43f8-93e7-53e25c120e63', 'Too much construction noise during class hours near block C.', true, 'MEDIUM', 'Infrastructure', '2026-06-30T10:35:51.413Z');
INSERT INTO public.complaint_box (id, user_id, content, is_anonymous, urgency, category, created_at) VALUES ('cb65f61f-878c-4fd8-84ae-ee70344b5033', 'fab185e6-224b-4636-9b44-09efa5518ced', 'Request to include more vegetarian options in the hostel mess menu.', false, 'LOW', 'Hostel', '2026-06-18T16:16:54.666Z');
INSERT INTO public.complaint_box (id, user_id, content, is_anonymous, urgency, category, created_at) VALUES ('f9b4ce8f-8158-40f9-bcea-66e042cd9a2a', '4e3130de-e533-4c00-97a0-0c917e297bf4', 'The recent hackathon lacked proper mentors and guidance.', false, 'LOW', 'Academics', '2026-06-11T10:53:46.478Z');
INSERT INTO public.complaint_box (id, user_id, content, is_anonymous, urgency, category, created_at) VALUES ('a3c3ffd5-24ea-4e1a-8470-0eba9b68bfb5', '6a9b2c09-c557-4752-99a5-03b38f99547e', 'There are no dustbins placed on the walkways between blocks.', false, 'LOW', 'Infrastructure', '2026-06-11T21:13:34.684Z');
INSERT INTO public.complaint_box (id, user_id, content, is_anonymous, urgency, category, created_at) VALUES ('654b164b-5794-4b2f-9731-18d3d3c362a8', 'a8b6f0b9-850b-4dd7-9403-64403b83846a', 'The elevator in block A gets stuck very frequently. Very risky.', false, 'HIGH', 'Infrastructure', '2026-07-08T10:06:58.394Z');

-- 6. INSERTING UPVOTES
INSERT INTO public.complaint_upvotes (complaint_id, user_id) VALUES ('57c2bd8b-aeb3-424d-90e9-b2829a93b615', '200c543f-3684-45bf-898b-257e9aeefe1a') ON CONFLICT DO NOTHING;
INSERT INTO public.complaint_upvotes (complaint_id, user_id) VALUES ('57c2bd8b-aeb3-424d-90e9-b2829a93b615', 'efcf5822-9006-4359-a0e7-18fb9fff33dc') ON CONFLICT DO NOTHING;
INSERT INTO public.complaint_upvotes (complaint_id, user_id) VALUES ('57c2bd8b-aeb3-424d-90e9-b2829a93b615', '207b302f-675b-4691-9ec1-7add04758846') ON CONFLICT DO NOTHING;
INSERT INTO public.complaint_upvotes (complaint_id, user_id) VALUES ('57c2bd8b-aeb3-424d-90e9-b2829a93b615', '2798f693-977d-4de1-9f92-a82ce1932e59') ON CONFLICT DO NOTHING;
INSERT INTO public.complaint_upvotes (complaint_id, user_id) VALUES ('57c2bd8b-aeb3-424d-90e9-b2829a93b615', '2e121d29-b2d0-40c7-b17b-8f55c7eb3e85') ON CONFLICT DO NOTHING;
INSERT INTO public.complaint_upvotes (complaint_id, user_id) VALUES ('57c2bd8b-aeb3-424d-90e9-b2829a93b615', '94c0cf30-792f-4a7f-8a91-6824789f69ee') ON CONFLICT DO NOTHING;
INSERT INTO public.complaint_upvotes (complaint_id, user_id) VALUES ('57c2bd8b-aeb3-424d-90e9-b2829a93b615', '073d7e4d-cf3e-4e3d-a308-0eddc6d5c808') ON CONFLICT DO NOTHING;
INSERT INTO public.complaint_upvotes (complaint_id, user_id) VALUES ('57c2bd8b-aeb3-424d-90e9-b2829a93b615', 'f332ace7-8bd8-4a14-8c91-debfb3395480') ON CONFLICT DO NOTHING;
INSERT INTO public.complaint_upvotes (complaint_id, user_id) VALUES ('57c2bd8b-aeb3-424d-90e9-b2829a93b615', 'bf119f18-9c71-4b84-92ed-aefb75134041') ON CONFLICT DO NOTHING;
INSERT INTO public.complaint_upvotes (complaint_id, user_id) VALUES ('57c2bd8b-aeb3-424d-90e9-b2829a93b615', '5a28609f-adae-48be-acf9-f12595ff4795') ON CONFLICT DO NOTHING;
INSERT INTO public.complaint_upvotes (complaint_id, user_id) VALUES ('57c2bd8b-aeb3-424d-90e9-b2829a93b615', '4e3130de-e533-4c00-97a0-0c917e297bf4') ON CONFLICT DO NOTHING;
INSERT INTO public.complaint_upvotes (complaint_id, user_id) VALUES ('de30e87b-abc6-4eda-a7d5-e6d4272889a4', 'bef90aa3-c101-4bf3-b905-db8bbd52b27f') ON CONFLICT DO NOTHING;
INSERT INTO public.complaint_upvotes (complaint_id, user_id) VALUES ('de30e87b-abc6-4eda-a7d5-e6d4272889a4', 'fab185e6-224b-4636-9b44-09efa5518ced') ON CONFLICT DO NOTHING;
INSERT INTO public.complaint_upvotes (complaint_id, user_id) VALUES ('de30e87b-abc6-4eda-a7d5-e6d4272889a4', '696d8f5a-0b40-48d8-b59e-53b4d5d20498') ON CONFLICT DO NOTHING;
INSERT INTO public.complaint_upvotes (complaint_id, user_id) VALUES ('de30e87b-abc6-4eda-a7d5-e6d4272889a4', 'd8501482-656a-4d3d-a1c3-2a7233208e7a') ON CONFLICT DO NOTHING;
INSERT INTO public.complaint_upvotes (complaint_id, user_id) VALUES ('de30e87b-abc6-4eda-a7d5-e6d4272889a4', '68c027e8-e4b3-4950-acb0-d444fdf51ae5') ON CONFLICT DO NOTHING;
INSERT INTO public.complaint_upvotes (complaint_id, user_id) VALUES ('de30e87b-abc6-4eda-a7d5-e6d4272889a4', 'd3c5ed2e-8f73-4fce-a99e-779fa135bfef') ON CONFLICT DO NOTHING;
INSERT INTO public.complaint_upvotes (complaint_id, user_id) VALUES ('de30e87b-abc6-4eda-a7d5-e6d4272889a4', '73784d1f-9e7a-4283-a62c-c148ea9fc238') ON CONFLICT DO NOTHING;
INSERT INTO public.complaint_upvotes (complaint_id, user_id) VALUES ('c5370f25-2103-4543-8ab4-bf897db765b0', 'a8b6f0b9-850b-4dd7-9403-64403b83846a') ON CONFLICT DO NOTHING;
INSERT INTO public.complaint_upvotes (complaint_id, user_id) VALUES ('c5370f25-2103-4543-8ab4-bf897db765b0', 'b8039a89-3a7f-483d-80d7-7df0687f2953') ON CONFLICT DO NOTHING;
INSERT INTO public.complaint_upvotes (complaint_id, user_id) VALUES ('c5370f25-2103-4543-8ab4-bf897db765b0', 'bf119f18-9c71-4b84-92ed-aefb75134041') ON CONFLICT DO NOTHING;
INSERT INTO public.complaint_upvotes (complaint_id, user_id) VALUES ('c5370f25-2103-4543-8ab4-bf897db765b0', 'fcdc31b9-7a2c-48b6-9a58-d2877120e325') ON CONFLICT DO NOTHING;
INSERT INTO public.complaint_upvotes (complaint_id, user_id) VALUES ('c5370f25-2103-4543-8ab4-bf897db765b0', 'f332ace7-8bd8-4a14-8c91-debfb3395480') ON CONFLICT DO NOTHING;
INSERT INTO public.complaint_upvotes (complaint_id, user_id) VALUES ('c5370f25-2103-4543-8ab4-bf897db765b0', '68c027e8-e4b3-4950-acb0-d444fdf51ae5') ON CONFLICT DO NOTHING;
INSERT INTO public.complaint_upvotes (complaint_id, user_id) VALUES ('ca8edd73-9b78-4cd6-8845-c765ce0fa656', '5a28609f-adae-48be-acf9-f12595ff4795') ON CONFLICT DO NOTHING;
INSERT INTO public.complaint_upvotes (complaint_id, user_id) VALUES ('ca8edd73-9b78-4cd6-8845-c765ce0fa656', '207b302f-675b-4691-9ec1-7add04758846') ON CONFLICT DO NOTHING;
INSERT INTO public.complaint_upvotes (complaint_id, user_id) VALUES ('ca8edd73-9b78-4cd6-8845-c765ce0fa656', '7638a6b1-291e-4454-8b03-52296f0df1b4') ON CONFLICT DO NOTHING;
INSERT INTO public.complaint_upvotes (complaint_id, user_id) VALUES ('ca8edd73-9b78-4cd6-8845-c765ce0fa656', '1f95ef47-da1f-40d7-b58e-6bde75512259') ON CONFLICT DO NOTHING;
INSERT INTO public.complaint_upvotes (complaint_id, user_id) VALUES ('ca8edd73-9b78-4cd6-8845-c765ce0fa656', 'a32462df-6ce6-4003-b5d8-fd947d228319') ON CONFLICT DO NOTHING;
INSERT INTO public.complaint_upvotes (complaint_id, user_id) VALUES ('ca8edd73-9b78-4cd6-8845-c765ce0fa656', '696d8f5a-0b40-48d8-b59e-53b4d5d20498') ON CONFLICT DO NOTHING;
INSERT INTO public.complaint_upvotes (complaint_id, user_id) VALUES ('ca8edd73-9b78-4cd6-8845-c765ce0fa656', '5b4f65d1-9e1a-422c-ba9a-5aa7aada60a3') ON CONFLICT DO NOTHING;
INSERT INTO public.complaint_upvotes (complaint_id, user_id) VALUES ('ca8edd73-9b78-4cd6-8845-c765ce0fa656', 'bf119f18-9c71-4b84-92ed-aefb75134041') ON CONFLICT DO NOTHING;
INSERT INTO public.complaint_upvotes (complaint_id, user_id) VALUES ('ca8edd73-9b78-4cd6-8845-c765ce0fa656', '62476707-27f3-4918-b5c6-568246b66789') ON CONFLICT DO NOTHING;
INSERT INTO public.complaint_upvotes (complaint_id, user_id) VALUES ('ca8edd73-9b78-4cd6-8845-c765ce0fa656', 'fcdc31b9-7a2c-48b6-9a58-d2877120e325') ON CONFLICT DO NOTHING;
INSERT INTO public.complaint_upvotes (complaint_id, user_id) VALUES ('ca8edd73-9b78-4cd6-8845-c765ce0fa656', '5076ccbd-527e-4f76-a930-e05a830a689e') ON CONFLICT DO NOTHING;
INSERT INTO public.complaint_upvotes (complaint_id, user_id) VALUES ('ca8edd73-9b78-4cd6-8845-c765ce0fa656', '68c027e8-e4b3-4950-acb0-d444fdf51ae5') ON CONFLICT DO NOTHING;
INSERT INTO public.complaint_upvotes (complaint_id, user_id) VALUES ('a1d378be-a047-4245-b30e-46e5b2f301f5', '2798f693-977d-4de1-9f92-a82ce1932e59') ON CONFLICT DO NOTHING;
INSERT INTO public.complaint_upvotes (complaint_id, user_id) VALUES ('a1d378be-a047-4245-b30e-46e5b2f301f5', '5b4f65d1-9e1a-422c-ba9a-5aa7aada60a3') ON CONFLICT DO NOTHING;
INSERT INTO public.complaint_upvotes (complaint_id, user_id) VALUES ('a1d378be-a047-4245-b30e-46e5b2f301f5', '6ad7fddb-0fc5-4acc-a5b2-8c3d83a1e8cb') ON CONFLICT DO NOTHING;
INSERT INTO public.complaint_upvotes (complaint_id, user_id) VALUES ('a1d378be-a047-4245-b30e-46e5b2f301f5', '3a1ede63-7725-4f91-b7e2-6433307418c6') ON CONFLICT DO NOTHING;
INSERT INTO public.complaint_upvotes (complaint_id, user_id) VALUES ('a1d378be-a047-4245-b30e-46e5b2f301f5', '74fc91dc-24ad-4626-9b61-da994e9931b9') ON CONFLICT DO NOTHING;
INSERT INTO public.complaint_upvotes (complaint_id, user_id) VALUES ('a1d378be-a047-4245-b30e-46e5b2f301f5', 'f332ace7-8bd8-4a14-8c91-debfb3395480') ON CONFLICT DO NOTHING;
INSERT INTO public.complaint_upvotes (complaint_id, user_id) VALUES ('a1d378be-a047-4245-b30e-46e5b2f301f5', '2e121d29-b2d0-40c7-b17b-8f55c7eb3e85') ON CONFLICT DO NOTHING;
INSERT INTO public.complaint_upvotes (complaint_id, user_id) VALUES ('a1d378be-a047-4245-b30e-46e5b2f301f5', 'a8b6f0b9-850b-4dd7-9403-64403b83846a') ON CONFLICT DO NOTHING;
INSERT INTO public.complaint_upvotes (complaint_id, user_id) VALUES ('a1d378be-a047-4245-b30e-46e5b2f301f5', '366d9cf9-e0ee-4d1c-bb62-2964ec4e494e') ON CONFLICT DO NOTHING;
INSERT INTO public.complaint_upvotes (complaint_id, user_id) VALUES ('a1d378be-a047-4245-b30e-46e5b2f301f5', 'a32462df-6ce6-4003-b5d8-fd947d228319') ON CONFLICT DO NOTHING;
INSERT INTO public.complaint_upvotes (complaint_id, user_id) VALUES ('a1d378be-a047-4245-b30e-46e5b2f301f5', '558f3348-de87-436c-88f2-e930351066e2') ON CONFLICT DO NOTHING;
INSERT INTO public.complaint_upvotes (complaint_id, user_id) VALUES ('a1d378be-a047-4245-b30e-46e5b2f301f5', 'c9d0bc24-3bc0-4cf4-9c82-43704340794a') ON CONFLICT DO NOTHING;
INSERT INTO public.complaint_upvotes (complaint_id, user_id) VALUES ('a1d378be-a047-4245-b30e-46e5b2f301f5', '4e3130de-e533-4c00-97a0-0c917e297bf4') ON CONFLICT DO NOTHING;
INSERT INTO public.complaint_upvotes (complaint_id, user_id) VALUES ('a1d378be-a047-4245-b30e-46e5b2f301f5', '5fcd5d7e-5a48-43e0-8c5b-aeefddaf7201') ON CONFLICT DO NOTHING;
INSERT INTO public.complaint_upvotes (complaint_id, user_id) VALUES ('1576bc41-613c-45d2-8299-a039fec29789', 'bef90aa3-c101-4bf3-b905-db8bbd52b27f') ON CONFLICT DO NOTHING;
INSERT INTO public.complaint_upvotes (complaint_id, user_id) VALUES ('1576bc41-613c-45d2-8299-a039fec29789', 'f332ace7-8bd8-4a14-8c91-debfb3395480') ON CONFLICT DO NOTHING;
INSERT INTO public.complaint_upvotes (complaint_id, user_id) VALUES ('1576bc41-613c-45d2-8299-a039fec29789', 'd8501482-656a-4d3d-a1c3-2a7233208e7a') ON CONFLICT DO NOTHING;
INSERT INTO public.complaint_upvotes (complaint_id, user_id) VALUES ('1576bc41-613c-45d2-8299-a039fec29789', '207b302f-675b-4691-9ec1-7add04758846') ON CONFLICT DO NOTHING;
INSERT INTO public.complaint_upvotes (complaint_id, user_id) VALUES ('e121e297-a01c-4031-8a82-0c82c55e5045', '207b302f-675b-4691-9ec1-7add04758846') ON CONFLICT DO NOTHING;
INSERT INTO public.complaint_upvotes (complaint_id, user_id) VALUES ('e121e297-a01c-4031-8a82-0c82c55e5045', '5fcd5d7e-5a48-43e0-8c5b-aeefddaf7201') ON CONFLICT DO NOTHING;
INSERT INTO public.complaint_upvotes (complaint_id, user_id) VALUES ('e121e297-a01c-4031-8a82-0c82c55e5045', '5b4f65d1-9e1a-422c-ba9a-5aa7aada60a3') ON CONFLICT DO NOTHING;
INSERT INTO public.complaint_upvotes (complaint_id, user_id) VALUES ('e121e297-a01c-4031-8a82-0c82c55e5045', '3a1ede63-7725-4f91-b7e2-6433307418c6') ON CONFLICT DO NOTHING;
INSERT INTO public.complaint_upvotes (complaint_id, user_id) VALUES ('e121e297-a01c-4031-8a82-0c82c55e5045', '5076ccbd-527e-4f76-a930-e05a830a689e') ON CONFLICT DO NOTHING;
INSERT INTO public.complaint_upvotes (complaint_id, user_id) VALUES ('e121e297-a01c-4031-8a82-0c82c55e5045', 'a32462df-6ce6-4003-b5d8-fd947d228319') ON CONFLICT DO NOTHING;
INSERT INTO public.complaint_upvotes (complaint_id, user_id) VALUES ('e121e297-a01c-4031-8a82-0c82c55e5045', 'a8b6f0b9-850b-4dd7-9403-64403b83846a') ON CONFLICT DO NOTHING;
INSERT INTO public.complaint_upvotes (complaint_id, user_id) VALUES ('e121e297-a01c-4031-8a82-0c82c55e5045', '62476707-27f3-4918-b5c6-568246b66789') ON CONFLICT DO NOTHING;
INSERT INTO public.complaint_upvotes (complaint_id, user_id) VALUES ('e121e297-a01c-4031-8a82-0c82c55e5045', 'd814e60f-869c-437b-b071-6c5514938cff') ON CONFLICT DO NOTHING;
INSERT INTO public.complaint_upvotes (complaint_id, user_id) VALUES ('e121e297-a01c-4031-8a82-0c82c55e5045', 'b177ad5e-ec07-4ec5-a2aa-79a4c21f61e9') ON CONFLICT DO NOTHING;
INSERT INTO public.complaint_upvotes (complaint_id, user_id) VALUES ('e121e297-a01c-4031-8a82-0c82c55e5045', '73784d1f-9e7a-4283-a62c-c148ea9fc238') ON CONFLICT DO NOTHING;
INSERT INTO public.complaint_upvotes (complaint_id, user_id) VALUES ('e121e297-a01c-4031-8a82-0c82c55e5045', '696d8f5a-0b40-48d8-b59e-53b4d5d20498') ON CONFLICT DO NOTHING;
INSERT INTO public.complaint_upvotes (complaint_id, user_id) VALUES ('9cf8e48e-d82e-4088-8b4f-762ea5fcddce', 'fcdc31b9-7a2c-48b6-9a58-d2877120e325') ON CONFLICT DO NOTHING;
INSERT INTO public.complaint_upvotes (complaint_id, user_id) VALUES ('9cf8e48e-d82e-4088-8b4f-762ea5fcddce', 'fab185e6-224b-4636-9b44-09efa5518ced') ON CONFLICT DO NOTHING;
INSERT INTO public.complaint_upvotes (complaint_id, user_id) VALUES ('9cf8e48e-d82e-4088-8b4f-762ea5fcddce', 'c9d0bc24-3bc0-4cf4-9c82-43704340794a') ON CONFLICT DO NOTHING;
INSERT INTO public.complaint_upvotes (complaint_id, user_id) VALUES ('054274cf-c148-4329-a46b-b788800cc86c', '22bd65b1-0a95-4885-af0a-733971d422e0') ON CONFLICT DO NOTHING;
INSERT INTO public.complaint_upvotes (complaint_id, user_id) VALUES ('054274cf-c148-4329-a46b-b788800cc86c', '41e69d07-59d9-4cbe-8022-10b356c8ba15') ON CONFLICT DO NOTHING;
INSERT INTO public.complaint_upvotes (complaint_id, user_id) VALUES ('054274cf-c148-4329-a46b-b788800cc86c', '60ec383b-aca0-4fd9-a25f-63a732d60085') ON CONFLICT DO NOTHING;
INSERT INTO public.complaint_upvotes (complaint_id, user_id) VALUES ('054274cf-c148-4329-a46b-b788800cc86c', '7da98678-a14e-43f8-93e7-53e25c120e63') ON CONFLICT DO NOTHING;
INSERT INTO public.complaint_upvotes (complaint_id, user_id) VALUES ('054274cf-c148-4329-a46b-b788800cc86c', '366d9cf9-e0ee-4d1c-bb62-2964ec4e494e') ON CONFLICT DO NOTHING;
INSERT INTO public.complaint_upvotes (complaint_id, user_id) VALUES ('054274cf-c148-4329-a46b-b788800cc86c', 'bef90aa3-c101-4bf3-b905-db8bbd52b27f') ON CONFLICT DO NOTHING;
INSERT INTO public.complaint_upvotes (complaint_id, user_id) VALUES ('054274cf-c148-4329-a46b-b788800cc86c', 'fab185e6-224b-4636-9b44-09efa5518ced') ON CONFLICT DO NOTHING;
INSERT INTO public.complaint_upvotes (complaint_id, user_id) VALUES ('054274cf-c148-4329-a46b-b788800cc86c', '207b302f-675b-4691-9ec1-7add04758846') ON CONFLICT DO NOTHING;
INSERT INTO public.complaint_upvotes (complaint_id, user_id) VALUES ('054274cf-c148-4329-a46b-b788800cc86c', 'd814e60f-869c-437b-b071-6c5514938cff') ON CONFLICT DO NOTHING;
INSERT INTO public.complaint_upvotes (complaint_id, user_id) VALUES ('054274cf-c148-4329-a46b-b788800cc86c', '200c543f-3684-45bf-898b-257e9aeefe1a') ON CONFLICT DO NOTHING;
INSERT INTO public.complaint_upvotes (complaint_id, user_id) VALUES ('054274cf-c148-4329-a46b-b788800cc86c', '27efb91c-5431-4725-9138-66478aaab7c8') ON CONFLICT DO NOTHING;
INSERT INTO public.complaint_upvotes (complaint_id, user_id) VALUES ('054274cf-c148-4329-a46b-b788800cc86c', '2e121d29-b2d0-40c7-b17b-8f55c7eb3e85') ON CONFLICT DO NOTHING;
INSERT INTO public.complaint_upvotes (complaint_id, user_id) VALUES ('c61b2d0d-69d2-4574-a837-322af57e3fe0', '3a1ede63-7725-4f91-b7e2-6433307418c6') ON CONFLICT DO NOTHING;
INSERT INTO public.complaint_upvotes (complaint_id, user_id) VALUES ('c61b2d0d-69d2-4574-a837-322af57e3fe0', 'fcdc31b9-7a2c-48b6-9a58-d2877120e325') ON CONFLICT DO NOTHING;
INSERT INTO public.complaint_upvotes (complaint_id, user_id) VALUES ('c61b2d0d-69d2-4574-a837-322af57e3fe0', '5b4f65d1-9e1a-422c-ba9a-5aa7aada60a3') ON CONFLICT DO NOTHING;
INSERT INTO public.complaint_upvotes (complaint_id, user_id) VALUES ('c61b2d0d-69d2-4574-a837-322af57e3fe0', '1f95ef47-da1f-40d7-b58e-6bde75512259') ON CONFLICT DO NOTHING;
INSERT INTO public.complaint_upvotes (complaint_id, user_id) VALUES ('c61b2d0d-69d2-4574-a837-322af57e3fe0', '5076ccbd-527e-4f76-a930-e05a830a689e') ON CONFLICT DO NOTHING;
INSERT INTO public.complaint_upvotes (complaint_id, user_id) VALUES ('c61b2d0d-69d2-4574-a837-322af57e3fe0', 'f822c519-d928-460b-8143-ab374566653c') ON CONFLICT DO NOTHING;
INSERT INTO public.complaint_upvotes (complaint_id, user_id) VALUES ('c61b2d0d-69d2-4574-a837-322af57e3fe0', '6dbd2d54-101a-4b5e-a729-6761ba3c5694') ON CONFLICT DO NOTHING;
INSERT INTO public.complaint_upvotes (complaint_id, user_id) VALUES ('c61b2d0d-69d2-4574-a837-322af57e3fe0', 'd8501482-656a-4d3d-a1c3-2a7233208e7a') ON CONFLICT DO NOTHING;
INSERT INTO public.complaint_upvotes (complaint_id, user_id) VALUES ('a7cd735c-43b8-41e1-972f-1f9bb9db4093', '68c027e8-e4b3-4950-acb0-d444fdf51ae5') ON CONFLICT DO NOTHING;
INSERT INTO public.complaint_upvotes (complaint_id, user_id) VALUES ('a7cd735c-43b8-41e1-972f-1f9bb9db4093', '41e69d07-59d9-4cbe-8022-10b356c8ba15') ON CONFLICT DO NOTHING;
INSERT INTO public.complaint_upvotes (complaint_id, user_id) VALUES ('a7cd735c-43b8-41e1-972f-1f9bb9db4093', '27efb91c-5431-4725-9138-66478aaab7c8') ON CONFLICT DO NOTHING;
INSERT INTO public.complaint_upvotes (complaint_id, user_id) VALUES ('a7cd735c-43b8-41e1-972f-1f9bb9db4093', 'bf119f18-9c71-4b84-92ed-aefb75134041') ON CONFLICT DO NOTHING;
INSERT INTO public.complaint_upvotes (complaint_id, user_id) VALUES ('a7cd735c-43b8-41e1-972f-1f9bb9db4093', 'd814e60f-869c-437b-b071-6c5514938cff') ON CONFLICT DO NOTHING;
INSERT INTO public.complaint_upvotes (complaint_id, user_id) VALUES ('a7cd735c-43b8-41e1-972f-1f9bb9db4093', '74fc91dc-24ad-4626-9b61-da994e9931b9') ON CONFLICT DO NOTHING;
INSERT INTO public.complaint_upvotes (complaint_id, user_id) VALUES ('a7cd735c-43b8-41e1-972f-1f9bb9db4093', 'efcf5822-9006-4359-a0e7-18fb9fff33dc') ON CONFLICT DO NOTHING;
INSERT INTO public.complaint_upvotes (complaint_id, user_id) VALUES ('a7cd735c-43b8-41e1-972f-1f9bb9db4093', '62476707-27f3-4918-b5c6-568246b66789') ON CONFLICT DO NOTHING;
INSERT INTO public.complaint_upvotes (complaint_id, user_id) VALUES ('a7cd735c-43b8-41e1-972f-1f9bb9db4093', '5a28609f-adae-48be-acf9-f12595ff4795') ON CONFLICT DO NOTHING;
INSERT INTO public.complaint_upvotes (complaint_id, user_id) VALUES ('a7cd735c-43b8-41e1-972f-1f9bb9db4093', '5076ccbd-527e-4f76-a930-e05a830a689e') ON CONFLICT DO NOTHING;
INSERT INTO public.complaint_upvotes (complaint_id, user_id) VALUES ('a7cd735c-43b8-41e1-972f-1f9bb9db4093', '5b4f65d1-9e1a-422c-ba9a-5aa7aada60a3') ON CONFLICT DO NOTHING;
INSERT INTO public.complaint_upvotes (complaint_id, user_id) VALUES ('a7cd735c-43b8-41e1-972f-1f9bb9db4093', '207b302f-675b-4691-9ec1-7add04758846') ON CONFLICT DO NOTHING;
INSERT INTO public.complaint_upvotes (complaint_id, user_id) VALUES ('a7cd735c-43b8-41e1-972f-1f9bb9db4093', '558f3348-de87-436c-88f2-e930351066e2') ON CONFLICT DO NOTHING;
INSERT INTO public.complaint_upvotes (complaint_id, user_id) VALUES ('a7cd735c-43b8-41e1-972f-1f9bb9db4093', 'a32462df-6ce6-4003-b5d8-fd947d228319') ON CONFLICT DO NOTHING;
INSERT INTO public.complaint_upvotes (complaint_id, user_id) VALUES ('0fb1f1cd-de22-4128-a357-0d4b9afcc2ca', 'bf119f18-9c71-4b84-92ed-aefb75134041') ON CONFLICT DO NOTHING;
INSERT INTO public.complaint_upvotes (complaint_id, user_id) VALUES ('0fb1f1cd-de22-4128-a357-0d4b9afcc2ca', 'f332ace7-8bd8-4a14-8c91-debfb3395480') ON CONFLICT DO NOTHING;
INSERT INTO public.complaint_upvotes (complaint_id, user_id) VALUES ('0fb1f1cd-de22-4128-a357-0d4b9afcc2ca', '558f3348-de87-436c-88f2-e930351066e2') ON CONFLICT DO NOTHING;
INSERT INTO public.complaint_upvotes (complaint_id, user_id) VALUES ('cc11886c-fd64-4a14-af42-16dafd5da1a0', 'fcdc31b9-7a2c-48b6-9a58-d2877120e325') ON CONFLICT DO NOTHING;
INSERT INTO public.complaint_upvotes (complaint_id, user_id) VALUES ('cc11886c-fd64-4a14-af42-16dafd5da1a0', 'bf119f18-9c71-4b84-92ed-aefb75134041') ON CONFLICT DO NOTHING;
INSERT INTO public.complaint_upvotes (complaint_id, user_id) VALUES ('cc11886c-fd64-4a14-af42-16dafd5da1a0', 'b8039a89-3a7f-483d-80d7-7df0687f2953') ON CONFLICT DO NOTHING;
INSERT INTO public.complaint_upvotes (complaint_id, user_id) VALUES ('cc11886c-fd64-4a14-af42-16dafd5da1a0', 'd8501482-656a-4d3d-a1c3-2a7233208e7a') ON CONFLICT DO NOTHING;
INSERT INTO public.complaint_upvotes (complaint_id, user_id) VALUES ('cc11886c-fd64-4a14-af42-16dafd5da1a0', 'f332ace7-8bd8-4a14-8c91-debfb3395480') ON CONFLICT DO NOTHING;
INSERT INTO public.complaint_upvotes (complaint_id, user_id) VALUES ('cc11886c-fd64-4a14-af42-16dafd5da1a0', 'a8b6f0b9-850b-4dd7-9403-64403b83846a') ON CONFLICT DO NOTHING;
INSERT INTO public.complaint_upvotes (complaint_id, user_id) VALUES ('cc11886c-fd64-4a14-af42-16dafd5da1a0', '5076ccbd-527e-4f76-a930-e05a830a689e') ON CONFLICT DO NOTHING;
INSERT INTO public.complaint_upvotes (complaint_id, user_id) VALUES ('cc11886c-fd64-4a14-af42-16dafd5da1a0', 'd845e0c4-e483-4b4d-b6e6-846df3f2e4ff') ON CONFLICT DO NOTHING;
INSERT INTO public.complaint_upvotes (complaint_id, user_id) VALUES ('cc11886c-fd64-4a14-af42-16dafd5da1a0', '5fcd5d7e-5a48-43e0-8c5b-aeefddaf7201') ON CONFLICT DO NOTHING;
INSERT INTO public.complaint_upvotes (complaint_id, user_id) VALUES ('cc11886c-fd64-4a14-af42-16dafd5da1a0', 'a32462df-6ce6-4003-b5d8-fd947d228319') ON CONFLICT DO NOTHING;
INSERT INTO public.complaint_upvotes (complaint_id, user_id) VALUES ('64f27b9d-4786-4531-afca-aa4aac21f1fe', '3a1ede63-7725-4f91-b7e2-6433307418c6') ON CONFLICT DO NOTHING;
INSERT INTO public.complaint_upvotes (complaint_id, user_id) VALUES ('64f27b9d-4786-4531-afca-aa4aac21f1fe', 'fab185e6-224b-4636-9b44-09efa5518ced') ON CONFLICT DO NOTHING;
INSERT INTO public.complaint_upvotes (complaint_id, user_id) VALUES ('604e623b-1068-4f04-b5b4-33c1f1aa668d', 'e2246af9-2a36-400e-a486-e4ab8ea35a5c') ON CONFLICT DO NOTHING;
INSERT INTO public.complaint_upvotes (complaint_id, user_id) VALUES ('604e623b-1068-4f04-b5b4-33c1f1aa668d', '73784d1f-9e7a-4283-a62c-c148ea9fc238') ON CONFLICT DO NOTHING;
INSERT INTO public.complaint_upvotes (complaint_id, user_id) VALUES ('604e623b-1068-4f04-b5b4-33c1f1aa668d', '1f95ef47-da1f-40d7-b58e-6bde75512259') ON CONFLICT DO NOTHING;
INSERT INTO public.complaint_upvotes (complaint_id, user_id) VALUES ('604e623b-1068-4f04-b5b4-33c1f1aa668d', 'd814e60f-869c-437b-b071-6c5514938cff') ON CONFLICT DO NOTHING;
INSERT INTO public.complaint_upvotes (complaint_id, user_id) VALUES ('604e623b-1068-4f04-b5b4-33c1f1aa668d', '07669d42-d960-4330-a623-162f4423100d') ON CONFLICT DO NOTHING;
INSERT INTO public.complaint_upvotes (complaint_id, user_id) VALUES ('604e623b-1068-4f04-b5b4-33c1f1aa668d', '5a28609f-adae-48be-acf9-f12595ff4795') ON CONFLICT DO NOTHING;
INSERT INTO public.complaint_upvotes (complaint_id, user_id) VALUES ('604e623b-1068-4f04-b5b4-33c1f1aa668d', '1a5c5bb2-45a6-4aca-9078-b10cd49855b9') ON CONFLICT DO NOTHING;
INSERT INTO public.complaint_upvotes (complaint_id, user_id) VALUES ('604e623b-1068-4f04-b5b4-33c1f1aa668d', 'a32462df-6ce6-4003-b5d8-fd947d228319') ON CONFLICT DO NOTHING;
INSERT INTO public.complaint_upvotes (complaint_id, user_id) VALUES ('604e623b-1068-4f04-b5b4-33c1f1aa668d', '2e121d29-b2d0-40c7-b17b-8f55c7eb3e85') ON CONFLICT DO NOTHING;
INSERT INTO public.complaint_upvotes (complaint_id, user_id) VALUES ('604e623b-1068-4f04-b5b4-33c1f1aa668d', '4e3130de-e533-4c00-97a0-0c917e297bf4') ON CONFLICT DO NOTHING;
INSERT INTO public.complaint_upvotes (complaint_id, user_id) VALUES ('604e623b-1068-4f04-b5b4-33c1f1aa668d', '41e69d07-59d9-4cbe-8022-10b356c8ba15') ON CONFLICT DO NOTHING;
INSERT INTO public.complaint_upvotes (complaint_id, user_id) VALUES ('8f9e5900-6097-4f87-9d33-6498256bfa60', '5b4f65d1-9e1a-422c-ba9a-5aa7aada60a3') ON CONFLICT DO NOTHING;
INSERT INTO public.complaint_upvotes (complaint_id, user_id) VALUES ('8f9e5900-6097-4f87-9d33-6498256bfa60', '366d9cf9-e0ee-4d1c-bb62-2964ec4e494e') ON CONFLICT DO NOTHING;
INSERT INTO public.complaint_upvotes (complaint_id, user_id) VALUES ('8f9e5900-6097-4f87-9d33-6498256bfa60', '7638a6b1-291e-4454-8b03-52296f0df1b4') ON CONFLICT DO NOTHING;
INSERT INTO public.complaint_upvotes (complaint_id, user_id) VALUES ('8f9e5900-6097-4f87-9d33-6498256bfa60', 'fcdc31b9-7a2c-48b6-9a58-d2877120e325') ON CONFLICT DO NOTHING;
INSERT INTO public.complaint_upvotes (complaint_id, user_id) VALUES ('8f9e5900-6097-4f87-9d33-6498256bfa60', '696d8f5a-0b40-48d8-b59e-53b4d5d20498') ON CONFLICT DO NOTHING;
INSERT INTO public.complaint_upvotes (complaint_id, user_id) VALUES ('8f9e5900-6097-4f87-9d33-6498256bfa60', 'd845e0c4-e483-4b4d-b6e6-846df3f2e4ff') ON CONFLICT DO NOTHING;
INSERT INTO public.complaint_upvotes (complaint_id, user_id) VALUES ('8f9e5900-6097-4f87-9d33-6498256bfa60', '68c027e8-e4b3-4950-acb0-d444fdf51ae5') ON CONFLICT DO NOTHING;
INSERT INTO public.complaint_upvotes (complaint_id, user_id) VALUES ('bd104c6c-1a60-4d0a-8760-f6c9f643689f', '73784d1f-9e7a-4283-a62c-c148ea9fc238') ON CONFLICT DO NOTHING;
INSERT INTO public.complaint_upvotes (complaint_id, user_id) VALUES ('bd104c6c-1a60-4d0a-8760-f6c9f643689f', '6dbd2d54-101a-4b5e-a729-6761ba3c5694') ON CONFLICT DO NOTHING;
INSERT INTO public.complaint_upvotes (complaint_id, user_id) VALUES ('bd104c6c-1a60-4d0a-8760-f6c9f643689f', '696d8f5a-0b40-48d8-b59e-53b4d5d20498') ON CONFLICT DO NOTHING;
INSERT INTO public.complaint_upvotes (complaint_id, user_id) VALUES ('bd104c6c-1a60-4d0a-8760-f6c9f643689f', '3a1ede63-7725-4f91-b7e2-6433307418c6') ON CONFLICT DO NOTHING;
INSERT INTO public.complaint_upvotes (complaint_id, user_id) VALUES ('bd104c6c-1a60-4d0a-8760-f6c9f643689f', '6a9b2c09-c557-4752-99a5-03b38f99547e') ON CONFLICT DO NOTHING;
INSERT INTO public.complaint_upvotes (complaint_id, user_id) VALUES ('bd104c6c-1a60-4d0a-8760-f6c9f643689f', '4e3130de-e533-4c00-97a0-0c917e297bf4') ON CONFLICT DO NOTHING;
INSERT INTO public.complaint_upvotes (complaint_id, user_id) VALUES ('bd104c6c-1a60-4d0a-8760-f6c9f643689f', '7da98678-a14e-43f8-93e7-53e25c120e63') ON CONFLICT DO NOTHING;
INSERT INTO public.complaint_upvotes (complaint_id, user_id) VALUES ('d42ac557-49c5-4a91-a04e-a4ac8855bbbe', '207b302f-675b-4691-9ec1-7add04758846') ON CONFLICT DO NOTHING;
INSERT INTO public.complaint_upvotes (complaint_id, user_id) VALUES ('d42ac557-49c5-4a91-a04e-a4ac8855bbbe', 'a8b6f0b9-850b-4dd7-9403-64403b83846a') ON CONFLICT DO NOTHING;
INSERT INTO public.complaint_upvotes (complaint_id, user_id) VALUES ('d42ac557-49c5-4a91-a04e-a4ac8855bbbe', 'bf119f18-9c71-4b84-92ed-aefb75134041') ON CONFLICT DO NOTHING;
INSERT INTO public.complaint_upvotes (complaint_id, user_id) VALUES ('d42ac557-49c5-4a91-a04e-a4ac8855bbbe', '5b4f65d1-9e1a-422c-ba9a-5aa7aada60a3') ON CONFLICT DO NOTHING;
INSERT INTO public.complaint_upvotes (complaint_id, user_id) VALUES ('d42ac557-49c5-4a91-a04e-a4ac8855bbbe', '41e69d07-59d9-4cbe-8022-10b356c8ba15') ON CONFLICT DO NOTHING;
INSERT INTO public.complaint_upvotes (complaint_id, user_id) VALUES ('d42ac557-49c5-4a91-a04e-a4ac8855bbbe', '7da98678-a14e-43f8-93e7-53e25c120e63') ON CONFLICT DO NOTHING;
INSERT INTO public.complaint_upvotes (complaint_id, user_id) VALUES ('d42ac557-49c5-4a91-a04e-a4ac8855bbbe', 'fab185e6-224b-4636-9b44-09efa5518ced') ON CONFLICT DO NOTHING;
INSERT INTO public.complaint_upvotes (complaint_id, user_id) VALUES ('a1f4a4cc-fcb1-4c37-aecd-f880c7284acd', '1f95ef47-da1f-40d7-b58e-6bde75512259') ON CONFLICT DO NOTHING;
INSERT INTO public.complaint_upvotes (complaint_id, user_id) VALUES ('a1f4a4cc-fcb1-4c37-aecd-f880c7284acd', 'fab185e6-224b-4636-9b44-09efa5518ced') ON CONFLICT DO NOTHING;
INSERT INTO public.complaint_upvotes (complaint_id, user_id) VALUES ('a1f4a4cc-fcb1-4c37-aecd-f880c7284acd', 'c9d0bc24-3bc0-4cf4-9c82-43704340794a') ON CONFLICT DO NOTHING;
INSERT INTO public.complaint_upvotes (complaint_id, user_id) VALUES ('a1f4a4cc-fcb1-4c37-aecd-f880c7284acd', '68c027e8-e4b3-4950-acb0-d444fdf51ae5') ON CONFLICT DO NOTHING;
INSERT INTO public.complaint_upvotes (complaint_id, user_id) VALUES ('a1f4a4cc-fcb1-4c37-aecd-f880c7284acd', '07669d42-d960-4330-a623-162f4423100d') ON CONFLICT DO NOTHING;
INSERT INTO public.complaint_upvotes (complaint_id, user_id) VALUES ('a1f4a4cc-fcb1-4c37-aecd-f880c7284acd', '073d7e4d-cf3e-4e3d-a308-0eddc6d5c808') ON CONFLICT DO NOTHING;
INSERT INTO public.complaint_upvotes (complaint_id, user_id) VALUES ('a1f4a4cc-fcb1-4c37-aecd-f880c7284acd', 'd814e60f-869c-437b-b071-6c5514938cff') ON CONFLICT DO NOTHING;
INSERT INTO public.complaint_upvotes (complaint_id, user_id) VALUES ('6bd76a7d-1151-4dc6-b602-b6e652c15275', '207b302f-675b-4691-9ec1-7add04758846') ON CONFLICT DO NOTHING;
INSERT INTO public.complaint_upvotes (complaint_id, user_id) VALUES ('6bd76a7d-1151-4dc6-b602-b6e652c15275', 'fcdc31b9-7a2c-48b6-9a58-d2877120e325') ON CONFLICT DO NOTHING;
INSERT INTO public.complaint_upvotes (complaint_id, user_id) VALUES ('6bd76a7d-1151-4dc6-b602-b6e652c15275', '22bd65b1-0a95-4885-af0a-733971d422e0') ON CONFLICT DO NOTHING;
INSERT INTO public.complaint_upvotes (complaint_id, user_id) VALUES ('6bd76a7d-1151-4dc6-b602-b6e652c15275', '5b4f65d1-9e1a-422c-ba9a-5aa7aada60a3') ON CONFLICT DO NOTHING;
INSERT INTO public.complaint_upvotes (complaint_id, user_id) VALUES ('6bd76a7d-1151-4dc6-b602-b6e652c15275', 'efcf5822-9006-4359-a0e7-18fb9fff33dc') ON CONFLICT DO NOTHING;
INSERT INTO public.complaint_upvotes (complaint_id, user_id) VALUES ('6bd76a7d-1151-4dc6-b602-b6e652c15275', '366d9cf9-e0ee-4d1c-bb62-2964ec4e494e') ON CONFLICT DO NOTHING;
INSERT INTO public.complaint_upvotes (complaint_id, user_id) VALUES ('6bd76a7d-1151-4dc6-b602-b6e652c15275', '94c0cf30-792f-4a7f-8a91-6824789f69ee') ON CONFLICT DO NOTHING;
INSERT INTO public.complaint_upvotes (complaint_id, user_id) VALUES ('6bd76a7d-1151-4dc6-b602-b6e652c15275', '5076ccbd-527e-4f76-a930-e05a830a689e') ON CONFLICT DO NOTHING;
INSERT INTO public.complaint_upvotes (complaint_id, user_id) VALUES ('6bd76a7d-1151-4dc6-b602-b6e652c15275', '696d8f5a-0b40-48d8-b59e-53b4d5d20498') ON CONFLICT DO NOTHING;
INSERT INTO public.complaint_upvotes (complaint_id, user_id) VALUES ('6bd76a7d-1151-4dc6-b602-b6e652c15275', 'd845e0c4-e483-4b4d-b6e6-846df3f2e4ff') ON CONFLICT DO NOTHING;
INSERT INTO public.complaint_upvotes (complaint_id, user_id) VALUES ('c03a5e05-caa0-466e-9d94-af487140d41d', 'd845e0c4-e483-4b4d-b6e6-846df3f2e4ff') ON CONFLICT DO NOTHING;
INSERT INTO public.complaint_upvotes (complaint_id, user_id) VALUES ('c03a5e05-caa0-466e-9d94-af487140d41d', '5b4f65d1-9e1a-422c-ba9a-5aa7aada60a3') ON CONFLICT DO NOTHING;
INSERT INTO public.complaint_upvotes (complaint_id, user_id) VALUES ('c03a5e05-caa0-466e-9d94-af487140d41d', '7da98678-a14e-43f8-93e7-53e25c120e63') ON CONFLICT DO NOTHING;
INSERT INTO public.complaint_upvotes (complaint_id, user_id) VALUES ('c03a5e05-caa0-466e-9d94-af487140d41d', 'c9d0bc24-3bc0-4cf4-9c82-43704340794a') ON CONFLICT DO NOTHING;
INSERT INTO public.complaint_upvotes (complaint_id, user_id) VALUES ('c03a5e05-caa0-466e-9d94-af487140d41d', '74fc91dc-24ad-4626-9b61-da994e9931b9') ON CONFLICT DO NOTHING;
INSERT INTO public.complaint_upvotes (complaint_id, user_id) VALUES ('c03a5e05-caa0-466e-9d94-af487140d41d', '6a9b2c09-c557-4752-99a5-03b38f99547e') ON CONFLICT DO NOTHING;
INSERT INTO public.complaint_upvotes (complaint_id, user_id) VALUES ('c03a5e05-caa0-466e-9d94-af487140d41d', '1a5c5bb2-45a6-4aca-9078-b10cd49855b9') ON CONFLICT DO NOTHING;
INSERT INTO public.complaint_upvotes (complaint_id, user_id) VALUES ('c03a5e05-caa0-466e-9d94-af487140d41d', '207b302f-675b-4691-9ec1-7add04758846') ON CONFLICT DO NOTHING;
INSERT INTO public.complaint_upvotes (complaint_id, user_id) VALUES ('c03a5e05-caa0-466e-9d94-af487140d41d', '73784d1f-9e7a-4283-a62c-c148ea9fc238') ON CONFLICT DO NOTHING;
INSERT INTO public.complaint_upvotes (complaint_id, user_id) VALUES ('c03a5e05-caa0-466e-9d94-af487140d41d', 'd814e60f-869c-437b-b071-6c5514938cff') ON CONFLICT DO NOTHING;
INSERT INTO public.complaint_upvotes (complaint_id, user_id) VALUES ('c03a5e05-caa0-466e-9d94-af487140d41d', '2798f693-977d-4de1-9f92-a82ce1932e59') ON CONFLICT DO NOTHING;
INSERT INTO public.complaint_upvotes (complaint_id, user_id) VALUES ('c03a5e05-caa0-466e-9d94-af487140d41d', '60ec383b-aca0-4fd9-a25f-63a732d60085') ON CONFLICT DO NOTHING;
INSERT INTO public.complaint_upvotes (complaint_id, user_id) VALUES ('c03a5e05-caa0-466e-9d94-af487140d41d', '27efb91c-5431-4725-9138-66478aaab7c8') ON CONFLICT DO NOTHING;
INSERT INTO public.complaint_upvotes (complaint_id, user_id) VALUES ('cdf22d7a-b123-417f-a38d-5ef068d4b2ca', '4e3130de-e533-4c00-97a0-0c917e297bf4') ON CONFLICT DO NOTHING;
INSERT INTO public.complaint_upvotes (complaint_id, user_id) VALUES ('cdf22d7a-b123-417f-a38d-5ef068d4b2ca', 'fcdc31b9-7a2c-48b6-9a58-d2877120e325') ON CONFLICT DO NOTHING;
INSERT INTO public.complaint_upvotes (complaint_id, user_id) VALUES ('cdf22d7a-b123-417f-a38d-5ef068d4b2ca', 'd3c5ed2e-8f73-4fce-a99e-779fa135bfef') ON CONFLICT DO NOTHING;
INSERT INTO public.complaint_upvotes (complaint_id, user_id) VALUES ('cdf22d7a-b123-417f-a38d-5ef068d4b2ca', 'd814e60f-869c-437b-b071-6c5514938cff') ON CONFLICT DO NOTHING;
INSERT INTO public.complaint_upvotes (complaint_id, user_id) VALUES ('cdf22d7a-b123-417f-a38d-5ef068d4b2ca', '73784d1f-9e7a-4283-a62c-c148ea9fc238') ON CONFLICT DO NOTHING;
INSERT INTO public.complaint_upvotes (complaint_id, user_id) VALUES ('6d6f0cd1-6396-4342-bb6c-74625721d0a0', '207b302f-675b-4691-9ec1-7add04758846') ON CONFLICT DO NOTHING;
INSERT INTO public.complaint_upvotes (complaint_id, user_id) VALUES ('6d6f0cd1-6396-4342-bb6c-74625721d0a0', 'a8b6f0b9-850b-4dd7-9403-64403b83846a') ON CONFLICT DO NOTHING;
INSERT INTO public.complaint_upvotes (complaint_id, user_id) VALUES ('6d6f0cd1-6396-4342-bb6c-74625721d0a0', '6dbd2d54-101a-4b5e-a729-6761ba3c5694') ON CONFLICT DO NOTHING;
INSERT INTO public.complaint_upvotes (complaint_id, user_id) VALUES ('6d6f0cd1-6396-4342-bb6c-74625721d0a0', '5b4f65d1-9e1a-422c-ba9a-5aa7aada60a3') ON CONFLICT DO NOTHING;
INSERT INTO public.complaint_upvotes (complaint_id, user_id) VALUES ('42a5c7ac-71a1-41a4-88b1-f7ae3fb1dd37', '22bd65b1-0a95-4885-af0a-733971d422e0') ON CONFLICT DO NOTHING;
INSERT INTO public.complaint_upvotes (complaint_id, user_id) VALUES ('42a5c7ac-71a1-41a4-88b1-f7ae3fb1dd37', 'a32462df-6ce6-4003-b5d8-fd947d228319') ON CONFLICT DO NOTHING;
INSERT INTO public.complaint_upvotes (complaint_id, user_id) VALUES ('42a5c7ac-71a1-41a4-88b1-f7ae3fb1dd37', '207b302f-675b-4691-9ec1-7add04758846') ON CONFLICT DO NOTHING;
INSERT INTO public.complaint_upvotes (complaint_id, user_id) VALUES ('42a5c7ac-71a1-41a4-88b1-f7ae3fb1dd37', 'b8039a89-3a7f-483d-80d7-7df0687f2953') ON CONFLICT DO NOTHING;
INSERT INTO public.complaint_upvotes (complaint_id, user_id) VALUES ('42a5c7ac-71a1-41a4-88b1-f7ae3fb1dd37', '00230fda-2fd9-4050-9535-41579f725743') ON CONFLICT DO NOTHING;
INSERT INTO public.complaint_upvotes (complaint_id, user_id) VALUES ('42a5c7ac-71a1-41a4-88b1-f7ae3fb1dd37', '2e121d29-b2d0-40c7-b17b-8f55c7eb3e85') ON CONFLICT DO NOTHING;
INSERT INTO public.complaint_upvotes (complaint_id, user_id) VALUES ('42a5c7ac-71a1-41a4-88b1-f7ae3fb1dd37', '5b4f65d1-9e1a-422c-ba9a-5aa7aada60a3') ON CONFLICT DO NOTHING;
INSERT INTO public.complaint_upvotes (complaint_id, user_id) VALUES ('42a5c7ac-71a1-41a4-88b1-f7ae3fb1dd37', 'c9d0bc24-3bc0-4cf4-9c82-43704340794a') ON CONFLICT DO NOTHING;
INSERT INTO public.complaint_upvotes (complaint_id, user_id) VALUES ('42a5c7ac-71a1-41a4-88b1-f7ae3fb1dd37', '1f95ef47-da1f-40d7-b58e-6bde75512259') ON CONFLICT DO NOTHING;
INSERT INTO public.complaint_upvotes (complaint_id, user_id) VALUES ('42a5c7ac-71a1-41a4-88b1-f7ae3fb1dd37', '7638a6b1-291e-4454-8b03-52296f0df1b4') ON CONFLICT DO NOTHING;
INSERT INTO public.complaint_upvotes (complaint_id, user_id) VALUES ('dbe137e9-9daa-49e8-8d5e-38874d1c5ebe', '1f95ef47-da1f-40d7-b58e-6bde75512259') ON CONFLICT DO NOTHING;
INSERT INTO public.complaint_upvotes (complaint_id, user_id) VALUES ('dbe137e9-9daa-49e8-8d5e-38874d1c5ebe', '6ad7fddb-0fc5-4acc-a5b2-8c3d83a1e8cb') ON CONFLICT DO NOTHING;
INSERT INTO public.complaint_upvotes (complaint_id, user_id) VALUES ('dbe137e9-9daa-49e8-8d5e-38874d1c5ebe', 'f822c519-d928-460b-8143-ab374566653c') ON CONFLICT DO NOTHING;
INSERT INTO public.complaint_upvotes (complaint_id, user_id) VALUES ('dbe137e9-9daa-49e8-8d5e-38874d1c5ebe', '366d9cf9-e0ee-4d1c-bb62-2964ec4e494e') ON CONFLICT DO NOTHING;
INSERT INTO public.complaint_upvotes (complaint_id, user_id) VALUES ('dbe137e9-9daa-49e8-8d5e-38874d1c5ebe', '6dbd2d54-101a-4b5e-a729-6761ba3c5694') ON CONFLICT DO NOTHING;
INSERT INTO public.complaint_upvotes (complaint_id, user_id) VALUES ('dbe137e9-9daa-49e8-8d5e-38874d1c5ebe', '073d7e4d-cf3e-4e3d-a308-0eddc6d5c808') ON CONFLICT DO NOTHING;
INSERT INTO public.complaint_upvotes (complaint_id, user_id) VALUES ('32dbec28-7503-4eaf-869f-abc704c3a0fd', '2798f693-977d-4de1-9f92-a82ce1932e59') ON CONFLICT DO NOTHING;
INSERT INTO public.complaint_upvotes (complaint_id, user_id) VALUES ('32dbec28-7503-4eaf-869f-abc704c3a0fd', 'bf119f18-9c71-4b84-92ed-aefb75134041') ON CONFLICT DO NOTHING;
INSERT INTO public.complaint_upvotes (complaint_id, user_id) VALUES ('cb65f61f-878c-4fd8-84ae-ee70344b5033', '07669d42-d960-4330-a623-162f4423100d') ON CONFLICT DO NOTHING;
INSERT INTO public.complaint_upvotes (complaint_id, user_id) VALUES ('cb65f61f-878c-4fd8-84ae-ee70344b5033', '207b302f-675b-4691-9ec1-7add04758846') ON CONFLICT DO NOTHING;
INSERT INTO public.complaint_upvotes (complaint_id, user_id) VALUES ('cb65f61f-878c-4fd8-84ae-ee70344b5033', '73784d1f-9e7a-4283-a62c-c148ea9fc238') ON CONFLICT DO NOTHING;
INSERT INTO public.complaint_upvotes (complaint_id, user_id) VALUES ('cb65f61f-878c-4fd8-84ae-ee70344b5033', '2e121d29-b2d0-40c7-b17b-8f55c7eb3e85') ON CONFLICT DO NOTHING;
INSERT INTO public.complaint_upvotes (complaint_id, user_id) VALUES ('cb65f61f-878c-4fd8-84ae-ee70344b5033', 'bf119f18-9c71-4b84-92ed-aefb75134041') ON CONFLICT DO NOTHING;
INSERT INTO public.complaint_upvotes (complaint_id, user_id) VALUES ('cb65f61f-878c-4fd8-84ae-ee70344b5033', '62476707-27f3-4918-b5c6-568246b66789') ON CONFLICT DO NOTHING;
INSERT INTO public.complaint_upvotes (complaint_id, user_id) VALUES ('cb65f61f-878c-4fd8-84ae-ee70344b5033', '4e3130de-e533-4c00-97a0-0c917e297bf4') ON CONFLICT DO NOTHING;
INSERT INTO public.complaint_upvotes (complaint_id, user_id) VALUES ('cb65f61f-878c-4fd8-84ae-ee70344b5033', 'c9d0bc24-3bc0-4cf4-9c82-43704340794a') ON CONFLICT DO NOTHING;
INSERT INTO public.complaint_upvotes (complaint_id, user_id) VALUES ('cb65f61f-878c-4fd8-84ae-ee70344b5033', '2798f693-977d-4de1-9f92-a82ce1932e59') ON CONFLICT DO NOTHING;
INSERT INTO public.complaint_upvotes (complaint_id, user_id) VALUES ('f9b4ce8f-8158-40f9-bcea-66e042cd9a2a', 'e2246af9-2a36-400e-a486-e4ab8ea35a5c') ON CONFLICT DO NOTHING;
INSERT INTO public.complaint_upvotes (complaint_id, user_id) VALUES ('f9b4ce8f-8158-40f9-bcea-66e042cd9a2a', '558f3348-de87-436c-88f2-e930351066e2') ON CONFLICT DO NOTHING;
INSERT INTO public.complaint_upvotes (complaint_id, user_id) VALUES ('f9b4ce8f-8158-40f9-bcea-66e042cd9a2a', 'f822c519-d928-460b-8143-ab374566653c') ON CONFLICT DO NOTHING;
INSERT INTO public.complaint_upvotes (complaint_id, user_id) VALUES ('f9b4ce8f-8158-40f9-bcea-66e042cd9a2a', 'c9d0bc24-3bc0-4cf4-9c82-43704340794a') ON CONFLICT DO NOTHING;
INSERT INTO public.complaint_upvotes (complaint_id, user_id) VALUES ('f9b4ce8f-8158-40f9-bcea-66e042cd9a2a', '00230fda-2fd9-4050-9535-41579f725743') ON CONFLICT DO NOTHING;
INSERT INTO public.complaint_upvotes (complaint_id, user_id) VALUES ('f9b4ce8f-8158-40f9-bcea-66e042cd9a2a', '5a28609f-adae-48be-acf9-f12595ff4795') ON CONFLICT DO NOTHING;
INSERT INTO public.complaint_upvotes (complaint_id, user_id) VALUES ('f9b4ce8f-8158-40f9-bcea-66e042cd9a2a', 'a32462df-6ce6-4003-b5d8-fd947d228319') ON CONFLICT DO NOTHING;
INSERT INTO public.complaint_upvotes (complaint_id, user_id) VALUES ('f9b4ce8f-8158-40f9-bcea-66e042cd9a2a', '73784d1f-9e7a-4283-a62c-c148ea9fc238') ON CONFLICT DO NOTHING;
INSERT INTO public.complaint_upvotes (complaint_id, user_id) VALUES ('f9b4ce8f-8158-40f9-bcea-66e042cd9a2a', 'bef90aa3-c101-4bf3-b905-db8bbd52b27f') ON CONFLICT DO NOTHING;
INSERT INTO public.complaint_upvotes (complaint_id, user_id) VALUES ('f9b4ce8f-8158-40f9-bcea-66e042cd9a2a', 'd814e60f-869c-437b-b071-6c5514938cff') ON CONFLICT DO NOTHING;
INSERT INTO public.complaint_upvotes (complaint_id, user_id) VALUES ('f9b4ce8f-8158-40f9-bcea-66e042cd9a2a', '60ec383b-aca0-4fd9-a25f-63a732d60085') ON CONFLICT DO NOTHING;
INSERT INTO public.complaint_upvotes (complaint_id, user_id) VALUES ('f9b4ce8f-8158-40f9-bcea-66e042cd9a2a', '68c027e8-e4b3-4950-acb0-d444fdf51ae5') ON CONFLICT DO NOTHING;
INSERT INTO public.complaint_upvotes (complaint_id, user_id) VALUES ('f9b4ce8f-8158-40f9-bcea-66e042cd9a2a', '27efb91c-5431-4725-9138-66478aaab7c8') ON CONFLICT DO NOTHING;
INSERT INTO public.complaint_upvotes (complaint_id, user_id) VALUES ('a3c3ffd5-24ea-4e1a-8470-0eba9b68bfb5', '5076ccbd-527e-4f76-a930-e05a830a689e') ON CONFLICT DO NOTHING;
INSERT INTO public.complaint_upvotes (complaint_id, user_id) VALUES ('a3c3ffd5-24ea-4e1a-8470-0eba9b68bfb5', '1f95ef47-da1f-40d7-b58e-6bde75512259') ON CONFLICT DO NOTHING;
INSERT INTO public.complaint_upvotes (complaint_id, user_id) VALUES ('a3c3ffd5-24ea-4e1a-8470-0eba9b68bfb5', '3a1ede63-7725-4f91-b7e2-6433307418c6') ON CONFLICT DO NOTHING;
INSERT INTO public.complaint_upvotes (complaint_id, user_id) VALUES ('a3c3ffd5-24ea-4e1a-8470-0eba9b68bfb5', 'a8b6f0b9-850b-4dd7-9403-64403b83846a') ON CONFLICT DO NOTHING;
INSERT INTO public.complaint_upvotes (complaint_id, user_id) VALUES ('654b164b-5794-4b2f-9731-18d3d3c362a8', '41e69d07-59d9-4cbe-8022-10b356c8ba15') ON CONFLICT DO NOTHING;
INSERT INTO public.complaint_upvotes (complaint_id, user_id) VALUES ('654b164b-5794-4b2f-9731-18d3d3c362a8', 'c9d0bc24-3bc0-4cf4-9c82-43704340794a') ON CONFLICT DO NOTHING;
INSERT INTO public.complaint_upvotes (complaint_id, user_id) VALUES ('654b164b-5794-4b2f-9731-18d3d3c362a8', '6dbd2d54-101a-4b5e-a729-6761ba3c5694') ON CONFLICT DO NOTHING;
INSERT INTO public.complaint_upvotes (complaint_id, user_id) VALUES ('654b164b-5794-4b2f-9731-18d3d3c362a8', 'a32462df-6ce6-4003-b5d8-fd947d228319') ON CONFLICT DO NOTHING;

-- 7. INSERTING MARKETPLACE
INSERT INTO public.marketplace (owner_id, owner_name, owner_email, product_title, description, price, contact_info, is_sold, created_at) VALUES ('fcdc31b9-7a2c-48b6-9a58-d2877120e325', 'Student 1', 'student1@demo.echocampus.edu', 'Used Engineering Mathematics Textbook', 'Good condition, 4th edition. No markings.', 450, '9999999999', true, '2026-07-01T03:30:27.251Z');
INSERT INTO public.marketplace (owner_id, owner_name, owner_email, product_title, description, price, contact_info, is_sold, created_at) VALUES ('f332ace7-8bd8-4a14-8c91-debfb3395480', 'Student 2', 'student2@demo.echocampus.edu', 'Casio fx-991EX Scientific Calculator', 'Used for 1 semester. Perfectly working with box.', 800, '9999999999', false, '2026-06-15T15:10:06.736Z');
INSERT INTO public.marketplace (owner_id, owner_name, owner_email, product_title, description, price, contact_info, is_sold, created_at) VALUES ('2e121d29-b2d0-40c7-b17b-8f55c7eb3e85', 'Student 3', 'student3@demo.echocampus.edu', 'Drafting Board (Mini Drafter Included)', 'Essential for 1st year civil/mech students.', 600, '9999999999', false, '2026-07-01T13:44:43.475Z');
INSERT INTO public.marketplace (owner_id, owner_name, owner_email, product_title, description, price, contact_info, is_sold, created_at) VALUES ('207b302f-675b-4691-9ec1-7add04758846', 'Student 4', 'student4@demo.echocampus.edu', 'Arduino Uno Starter Kit', 'Complete kit with sensors and jumper wires. Barely used.', 1200, '9999999999', false, '2026-06-13T10:55:25.580Z');
INSERT INTO public.marketplace (owner_id, owner_name, owner_email, product_title, description, price, contact_info, is_sold, created_at) VALUES ('558f3348-de87-436c-88f2-e930351066e2', 'Student 5', 'student5@demo.echocampus.edu', 'Hostel Mattress (Single Bed)', 'Clean and well maintained. Leaving campus next week.', 500, '9999999999', false, '2026-06-15T00:27:26.028Z');
INSERT INTO public.marketplace (owner_id, owner_name, owner_email, product_title, description, price, contact_info, is_sold, created_at) VALUES ('3a1ede63-7725-4f91-b7e2-6433307418c6', 'Student 6', 'student6@demo.echocampus.edu', 'Bicycle - Hero Sprint', 'Good for moving around the large campus. Needs minor oiling.', 2500, '9999999999', false, '2026-07-04T04:05:24.749Z');
INSERT INTO public.marketplace (owner_id, owner_name, owner_email, product_title, description, price, contact_info, is_sold, created_at) VALUES ('200c543f-3684-45bf-898b-257e9aeefe1a', 'Student 7', 'student7@demo.echocampus.edu', 'Electric Kettle 1.5L', 'Lifesaver for hostellers for Maggi and coffee.', 400, '9999999999', false, '2026-06-14T21:54:25.383Z');
INSERT INTO public.marketplace (owner_id, owner_name, owner_email, product_title, description, price, contact_info, is_sold, created_at) VALUES ('881c33bb-e2aa-4c6a-b056-81c8b34d545d', 'Student 8', 'student8@demo.echocampus.edu', 'Physics Vol 1 & 2 HC Verma', 'Both volumes in excellent condition.', 600, '9999999999', false, '2026-06-11T23:45:30.549Z');
INSERT INTO public.marketplace (owner_id, owner_name, owner_email, product_title, description, price, contact_info, is_sold, created_at) VALUES ('68c027e8-e4b3-4950-acb0-d444fdf51ae5', 'Student 9', 'student9@demo.echocampus.edu', 'Laptop Cooler Pad', 'RGB lights, 2 fans. Cools nicely for gaming.', 700, '9999999999', false, '2026-07-05T09:54:38.151Z');
INSERT INTO public.marketplace (owner_id, owner_name, owner_email, product_title, description, price, contact_info, is_sold, created_at) VALUES ('e2246af9-2a36-400e-a486-e4ab8ea35a5c', 'Student 10', 'student10@demo.echocampus.edu', 'Table Lamp', 'Rechargeable LED table lamp. Great for late night studying.', 300, '9999999999', false, '2026-07-02T02:00:24.866Z');
INSERT INTO public.marketplace (owner_id, owner_name, owner_email, product_title, description, price, contact_info, is_sold, created_at) VALUES ('5076ccbd-527e-4f76-a930-e05a830a689e', 'Student 11', 'student11@demo.echocampus.edu', 'Raspberry Pi 4 (4GB)', 'Upgrading to a new model. Works perfectly. Case included.', 4500, '9999999999', false, '2026-07-04T16:33:43.938Z');
INSERT INTO public.marketplace (owner_id, owner_name, owner_email, product_title, description, price, contact_info, is_sold, created_at) VALUES ('efcf5822-9006-4359-a0e7-18fb9fff33dc', 'Student 12', 'student12@demo.echocampus.edu', 'Data Structures in C++ (Book)', 'Very useful for placements.', 350, '9999999999', false, '2026-06-30T22:36:52.900Z');
INSERT INTO public.marketplace (owner_id, owner_name, owner_email, product_title, description, price, contact_info, is_sold, created_at) VALUES ('6ad7fddb-0fc5-4acc-a5b2-8c3d83a1e8cb', 'Student 13', 'student13@demo.echocampus.edu', 'Wireless Mouse (Logitech)', 'Silent click, battery lasts for months.', 500, '9999999999', false, '2026-06-12T07:05:07.813Z');
INSERT INTO public.marketplace (owner_id, owner_name, owner_email, product_title, description, price, contact_info, is_sold, created_at) VALUES ('c9d0bc24-3bc0-4cf4-9c82-43704340794a', 'Student 14', 'student14@demo.echocampus.edu', 'Yoga Mat', 'Thick and comfortable. Barely used.', 300, '9999999999', false, '2026-07-06T18:13:33.721Z');
INSERT INTO public.marketplace (owner_id, owner_name, owner_email, product_title, description, price, contact_info, is_sold, created_at) VALUES ('366d9cf9-e0ee-4d1c-bb62-2964ec4e494e', 'Student 15', 'student15@demo.echocampus.edu', 'Lab Coat (White, Size M)', 'Required for Chemistry lab.', 200, '9999999999', false, '2026-06-20T05:47:05.258Z');

-- 8. INSERTING LOST & FOUND
INSERT INTO public.lost_found (user_id, title, description, location_found, contact_info, image_url, is_resolved, created_at) VALUES ('fcdc31b9-7a2c-48b6-9a58-d2877120e325', 'Blue Milton Water Bottle', 'Lost in the cafeteria near the window seats.', 'Main Cafeteria', '8888888888', NULL, true, '2026-06-17T09:39:14.549Z');
INSERT INTO public.lost_found (user_id, title, description, location_found, contact_info, image_url, is_resolved, created_at) VALUES ('f332ace7-8bd8-4a14-8c91-debfb3395480', 'Student ID Card', 'Found near the library entrance. Name: Rahul Sharma.', 'Central Library', '8888888888', NULL, true, '2026-06-26T18:57:06.334Z');
INSERT INTO public.lost_found (user_id, title, description, location_found, contact_info, image_url, is_resolved, created_at) VALUES ('2e121d29-b2d0-40c7-b17b-8f55c7eb3e85', 'Black Leather Wallet', 'Lost somewhere between Block A and Block B. Contains cards.', 'Campus Walkway', '8888888888', NULL, true, '2026-07-05T10:05:38.885Z');
INSERT INTO public.lost_found (user_id, title, description, location_found, contact_info, image_url, is_resolved, created_at) VALUES ('207b302f-675b-4691-9ec1-7add04758846', 'Apple AirPods (Right Ear)', 'Found on a bench near the basketball court.', 'Sports Ground', '8888888888', NULL, false, '2026-06-13T11:41:16.672Z');
INSERT INTO public.lost_found (user_id, title, description, location_found, contact_info, image_url, is_resolved, created_at) VALUES ('558f3348-de87-436c-88f2-e930351066e2', 'Casio Scientific Calculator', 'Left it in Room 302 after the physics lecture.', 'Block B, Room 302', '8888888888', NULL, true, '2026-06-27T04:26:32.927Z');
INSERT INTO public.lost_found (user_id, title, description, location_found, contact_info, image_url, is_resolved, created_at) VALUES ('3a1ede63-7725-4f91-b7e2-6433307418c6', 'Car Keys (Hyundai)', 'Found near the main parking gate.', 'Parking Lot', '8888888888', NULL, false, '2026-07-09T11:11:45.122Z');
INSERT INTO public.lost_found (user_id, title, description, location_found, contact_info, image_url, is_resolved, created_at) VALUES ('200c543f-3684-45bf-898b-257e9aeefe1a', 'Silver Ring', 'Lost my silver ring during the sports fest.', 'Sports Ground', '8888888888', NULL, false, '2026-06-23T08:04:06.235Z');
INSERT INTO public.lost_found (user_id, title, description, location_found, contact_info, image_url, is_resolved, created_at) VALUES ('881c33bb-e2aa-4c6a-b056-81c8b34d545d', 'Samsung Galaxy Charger', 'Found plugged in at the library reading room.', 'Library Reading Room', '8888888888', NULL, false, '2026-06-28T23:02:24.403Z');
INSERT INTO public.lost_found (user_id, title, description, location_found, contact_info, image_url, is_resolved, created_at) VALUES ('68c027e8-e4b3-4950-acb0-d444fdf51ae5', 'Glasses (Black Frame)', 'Lost my spectacles in the computer lab 2.', 'Computer Lab 2', '8888888888', NULL, true, '2026-06-28T15:51:40.820Z');
INSERT INTO public.lost_found (user_id, title, description, location_found, contact_info, image_url, is_resolved, created_at) VALUES ('e2246af9-2a36-400e-a486-e4ab8ea35a5c', 'Notebook (Blue Cover)', 'Contains important handwritten notes for OS. Please return.', 'Block C, Room 101', '8888888888', NULL, false, '2026-06-20T23:13:54.680Z');
INSERT INTO public.lost_found (user_id, title, description, location_found, contact_info, image_url, is_resolved, created_at) VALUES ('5076ccbd-527e-4f76-a930-e05a830a689e', 'Umbrella (Red and Black)', 'Left it at the mess entrance during the rain yesterday.', 'Hostel Mess', '8888888888', NULL, true, '2026-06-18T15:34:43.419Z');
INSERT INTO public.lost_found (user_id, title, description, location_found, contact_info, image_url, is_resolved, created_at) VALUES ('efcf5822-9006-4359-a0e7-18fb9fff33dc', 'Pendrive 64GB (Sandisk)', 'Found attached to PC number 14 in Lab 3.', 'Computer Lab 3', '8888888888', NULL, false, '2026-06-20T19:09:40.699Z');
INSERT INTO public.lost_found (user_id, title, description, location_found, contact_info, image_url, is_resolved, created_at) VALUES ('6ad7fddb-0fc5-4acc-a5b2-8c3d83a1e8cb', 'Wristwatch (Fastrack)', 'Lost in the gym changing room.', 'Campus Gym', '8888888888', NULL, false, '2026-06-14T03:15:33.006Z');
INSERT INTO public.lost_found (user_id, title, description, location_found, contact_info, image_url, is_resolved, created_at) VALUES ('c9d0bc24-3bc0-4cf4-9c82-43704340794a', 'Geometry Box', 'Found in the drawing hall. Has a lot of pencils.', 'Drawing Hall', '8888888888', NULL, false, '2026-06-30T05:30:11.585Z');
INSERT INTO public.lost_found (user_id, title, description, location_found, contact_info, image_url, is_resolved, created_at) VALUES ('366d9cf9-e0ee-4d1c-bb62-2964ec4e494e', 'Bicycle Lock Key', 'Found near the cycle stand of Boys Hostel.', 'Cycle Stand', '8888888888', NULL, false, '2026-06-24T16:21:18.700Z');
